event_id,time,side,confidence,proba_buy
84032c16e5b00a7e,2025-03-17 00:00:00+00:00,SELL,0.6315171998331857,0.36848280016681434
b3f32cd306275b10,2025-03-17 06:00:00+00:00,SELL,0.6315171998331857,0.36848280016681434
9af8a16322ee8212,2025-03-17 12:00:00+00:00,SELL,0.6315171998331857,0.36848280016681434
a25299839a16a1c7,2025-03-17 18:00:00+00:00,SELL,0.6315171998331857,0.36848280016681434
3056b8451dd0a856,2025-03-18 00:00:00+00:00,SELL,0.6315171998331857,0.36848280016681434
641ed23f8a094d50,2025-03-18 06:00:00+00:00,SELL,0.6315171998331857,0.36848280016681434
358430ae83cfbbc3,2025-03-18 12:00:00+00:00,SELL,0.6315171998331857,0.36848280016681434
ccc490741c72e4f3,2025-03-18 18:00:00+00:00,SELL,0.6315171998331857,0.36848280016681434
593b31b261e7b0eb,2025-03-19 00:00:00+00:00,SELL,0.6315171998331857,0.36848280016681434
6e7f66d669610231,2025-03-19 06:00:00+00:00,SELL,0.6315171998331857,0.36848280016681434
795085a399080dbc,2025-03-19 12:00:00+00:00,SELL,0.6315171998331857,0.36848280016681434
e296a664c7b2d091,2025-03-19 18:00:00+00:00,SELL,0.6315171998331857,0.36848280016681434
4ca658a9182813e8,2025-03-20 00:00:00+00:00,SELL,0.6315171998331857,0.36848280016681434
689aab2c3ebece12,2025-03-20 06:00:00+00:00,SELL,0.6315171998331857,0.36848280016681434
cc41d56eb0fc4272,2025-03-20 12:00:00+00:00,SELL,0.6315171998331857,0.36848280016681434
ab8ac30766d66c36,2025-03-20 18:00:00+00:00,SELL,0.6315171998331857,0.36848280016681434
8f226c3fb7a2a94b,2025-03-21 00:00:00+00:00,SELL,0.6315171998331857,0.36848280016681434
38594af34dbeb161,2025-03-21 06:00:00+00:00,SELL,0.6315171998331857,0.36848280016681434
3338d20856fd1dd7,2025-03-21 12:00:00+00:00,SELL,0.6315171998331857,0.36848280016681434
eaf338bf57dd28c7,2025-03-21 18:00:00+00:00,SELL,0.6315171998331857,0.36848280016681434
b54b9b1c02d69051,2025-03-24 00:00:00+00:00,SELL,0.6315171998331857,0.36848280016681434
86215cb644910656,2025-03-24 06:00:00+00:00,SELL,0.6315171998331857,0.36848280016681434
0b92396dbc4c559d,2025-03-24 12:00:00+00:00,SELL,0.6315171998331857,0.36848280016681434
b33c3212731c06de,2025-03-24 18:00:00+00:00,SELL,0.6315171998331857,0.36848280016681434
0c64255a934f5591,2025-03-25 00:00:00+00:00,SELL,0.6315171998331857,0.36848280016681434
aed4b74a16a34636,2025-03-25 06:00:00+00:00,SELL,0.6315171998331857,0.36848280016681434
470ae81931b41b72,2025-03-25 12:00:00+00:00,SELL,0.6315171998331857,0.36848280016681434
1a36d613e4a249b3,2025-03-25 18:00:00+00:00,SELL,0.6315171998331857,0.36848280016681434
b445c8f34d7cccff,2025-03-26 00:00:00+00:00,SELL,0.6315171998331857,0.36848280016681434
3c291b0b8a3b6a46,2025-03-26 06:00:00+00:00,SELL,0.6315171998331857,0.36848280016681434
91dd7bede807dd56,2025-03-26 12:00:00+00:00,SELL,0.6315171998331857,0.36848280016681434
0d7b044ff78c0f66,2025-03-26 18:00:00+00:00,SELL,0.6315171998331857,0.36848280016681434
acffda6ad762d3d9,2025-03-27 00:00:00+00:00,SELL,0.6315171998331857,0.36848280016681434
0cbc3ffa629fc5ea,2025-03-27 06:00:00+00:00,SELL,0.6315171998331857,0.36848280016681434
983fa179979553e5,2025-03-27 12:00:00+00:00,SELL,0.6315171998331857,0.36848280016681434
3ca89b7c0cd7830e,2025-03-27 18:00:00+00:00,SELL,0.6315171998331857,0.36848280016681434
5de15c2c888fb0e8,2025-03-28 00:00:00+00:00,SELL,0.6315171998331857,0.36848280016681434
674c08c6008ed39b,2025-03-28 06:00:00+00:00,SELL,0.6315171998331857,0.36848280016681434
d2a18527c97a7260,2025-03-28 12:00:00+00:00,SELL,0.6315171998331857,0.36848280016681434
28f4515cfa6f89f7,2025-03-28 18:00:00+00:00,SELL,0.6315171998331857,0.36848280016681434
fcbd9e98b4b7c415,2025-03-31 00:00:00+00:00,SELL,0.6315171998331857,0.36848280016681434
2fee2cfed2e7e886,2025-03-31 06:00:00+00:00,SELL,0.6315171998331857,0.36848280016681434
46ca58d4cd6c7113,2025-03-31 12:00:00+00:00,SELL,0.6315171998331857,0.36848280016681434
807f79c3477c8f54,2025-03-31 18:00:00+00:00,SELL,0.6315171998331857,0.36848280016681434
9f60591194d18031,2025-04-01 00:00:00+00:00,SELL,0.6315171998331857,0.36848280016681434
77a06ba19bbe9bba,2025-04-01 06:00:00+00:00,SELL,0.6315171998331857,0.36848280016681434
b6af7048b5a7718f,2025-04-01 12:00:00+00:00,SELL,0.6315171998331857,0.36848280016681434
a587bf6943bf49b5,2025-04-01 18:00:00+00:00,SELL,0.6315171998331857,0.36848280016681434
84aef647092f5d10,2025-04-02 00:00:00+00:00,SELL,0.6315171998331857,0.36848280016681434
ab47c36d65b3e5c2,2025-04-02 06:00:00+00:00,SELL,0.6315171998331857,0.36848280016681434
027911d37cebb368,2025-04-02 12:00:00+00:00,SELL,0.6315171998331857,0.36848280016681434
1ee8cb3418403414,2025-04-02 18:00:00+00:00,SELL,0.6315171998331857,0.36848280016681434
7449147b222d283f,2025-04-03 00:00:00+00:00,SELL,0.6315171998331857,0.36848280016681434
b4e105db3be6be1a,2025-04-03 06:00:00+00:00,SELL,0.6315171998331857,0.36848280016681434
f26f81232c0b2923,2025-04-03 12:00:00+00:00,SELL,0.6315171998331857,0.36848280016681434
2d91cc6671aeb47e,2025-04-03 18:00:00+00:00,SELL,0.6315171998331857,0.36848280016681434
fc248319599946b2,2025-04-04 00:00:00+00:00,SELL,0.6315171998331857,0.36848280016681434
8a904001e0bb40f3,2025-04-04 06:00:00+00:00,SELL,0.6315171998331857,0.36848280016681434
8014eb0a73922d27,2025-04-04 12:00:00+00:00,SELL,0.6315171998331857,0.36848280016681434
c5838d1b171896ac,2025-04-04 18:00:00+00:00,SELL,0.6315171998331857,0.36848280016681434
90053c90334affb8,2025-04-07 00:00:00+00:00,SELL,0.6315171998331857,0.36848280016681434
25aac0c51fec25e1,2025-04-07 06:00:00+00:00,SELL,0.6315171998331857,0.36848280016681434
17c31d5cf0e94684,2025-04-07 12:00:00+00:00,SELL,0.6315171998331857,0.36848280016681434
5b469ce50ea54298,2025-04-07 18:00:00+00:00,SELL,0.6315171998331857,0.36848280016681434
6c9b2f82e5d9bfa0,2025-04-08 00:00:00+00:00,SELL,0.6315171998331857,0.36848280016681434
6adba4f0fc059629,2025-04-08 06:00:00+00:00,SELL,0.6315171998331857,0.36848280016681434
b355aa63939beb66,2025-04-08 12:00:00+00:00,SELL,0.6315171998331857,0.36848280016681434
94fcd6c93fe1cf4b,2025-04-08 18:00:00+00:00,SELL,0.6315171998331857,0.36848280016681434
9827563aecaec5c4,2025-04-09 00:00:00+00:00,SELL,0.6315171998331857,0.36848280016681434
42d4647fbe172969,2025-04-09 06:00:00+00:00,SELL,0.6315171998331857,0.36848280016681434
a472690ff7c91779,2025-04-09 12:00:00+00:00,SELL,0.6315171998331857,0.36848280016681434
456370fd0ed39f37,2025-04-09 18:00:00+00:00,SELL,0.6315171998331857,0.36848280016681434
9c3f4ce36811deac,2025-04-10 00:00:00+00:00,SELL,0.6315171998331857,0.36848280016681434
b839f2aac81db0aa,2025-04-10 06:00:00+00:00,SELL,0.6315171998331857,0.36848280016681434
956a8efebf90ce61,2025-04-10 12:00:00+00:00,SELL,0.6315171998331857,0.36848280016681434
a861ee31220cd0b0,2025-04-10 18:00:00+00:00,SELL,0.6315171998331857,0.36848280016681434
0f259272b8a5d082,2025-04-11 00:00:00+00:00,SELL,0.6315171998331857,0.36848280016681434
8c567e686a072d5c,2025-04-11 06:00:00+00:00,SELL,0.6315171998331857,0.36848280016681434
7eed69a5d3a9ffc1,2025-04-11 12:00:00+00:00,SELL,0.6315171998331857,0.36848280016681434
499e5034365df7b3,2025-04-11 18:00:00+00:00,SELL,0.6315171998331857,0.36848280016681434
d1d099c93885abcc,2025-04-14 00:00:00+00:00,SELL,0.6315171998331857,0.36848280016681434
62f3aaaa47014b7d,2025-04-14 06:00:00+00:00,SELL,0.6315171998331857,0.36848280016681434
2dd0699bf4e31f81,2025-04-14 12:00:00+00:00,SELL,0.6315171998331857,0.36848280016681434
859f21c98c65ef7c,2025-04-14 18:00:00+00:00,SELL,0.6315171998331857,0.36848280016681434
6b37bc04f9d58de4,2025-04-15 00:00:00+00:00,SELL,0.6315171998331857,0.36848280016681434
12add64a321e0c6f,2025-04-15 06:00:00+00:00,SELL,0.6315171998331857,0.36848280016681434
111c6ee03f4d078b,2025-04-15 12:00:00+00:00,SELL,0.6315171998331857,0.36848280016681434
f6be6dbf2788e958,2025-04-15 18:00:00+00:00,SELL,0.6315171998331857,0.36848280016681434
3f135e9eabdd71e2,2025-04-16 00:00:00+00:00,SELL,0.6315171998331857,0.36848280016681434
c79cc3207e93476d,2025-04-16 06:00:00+00:00,SELL,0.6315171998331857,0.36848280016681434
3b4cf5f29718a1f3,2025-04-16 12:00:00+00:00,SELL,0.6315171998331857,0.36848280016681434
fa0e7c7dee60e801,2025-04-16 18:00:00+00:00,SELL,0.6315171998331857,0.36848280016681434
f0d5c57cbdd662f6,2025-04-17 00:00:00+00:00,SELL,0.6315171998331857,0.36848280016681434
4624ff16826bc7b0,2025-04-17 06:00:00+00:00,SELL,0.6315171998331857,0.36848280016681434
c5ad9c4c659809f6,2025-04-17 12:00:00+00:00,SELL,0.6315171998331857,0.36848280016681434
346a317617b0fe88,2025-04-17 18:00:00+00:00,SELL,0.6315171998331857,0.36848280016681434
e92daabcc6772461,2025-04-18 00:00:00+00:00,SELL,0.6315171998331857,0.36848280016681434
5e75ac1b3d9c3d63,2025-04-18 06:00:00+00:00,SELL,0.6315171998331857,0.36848280016681434
9e2e90fd9adeada6,2025-04-18 12:00:00+00:00,SELL,0.6315171998331857,0.36848280016681434
221ef5987dda78ff,2025-04-18 18:00:00+00:00,SELL,0.6315171998331857,0.36848280016681434
24c4448e3c445f1e,2025-04-21 00:00:00+00:00,SELL,0.6315171998331857,0.36848280016681434
eb8ed96040704ba2,2025-04-21 06:00:00+00:00,SELL,0.6315171998331857,0.36848280016681434
9bf1ebd0d1cf88f8,2025-04-21 12:00:00+00:00,SELL,0.6315171998331857,0.36848280016681434
3b5ea14cf55ae35b,2025-04-21 18:00:00+00:00,SELL,0.6315171998331857,0.36848280016681434
dae37a09a90082e2,2025-04-22 00:00:00+00:00,SELL,0.6315171998331857,0.36848280016681434
5306b5d6f31d8ed3,2025-04-22 06:00:00+00:00,SELL,0.6315171998331857,0.36848280016681434
ba5aead9332c5fd6,2025-04-22 12:00:00+00:00,SELL,0.6315171998331857,0.36848280016681434
266a3b0ce16f77ed,2025-04-22 18:00:00+00:00,SELL,0.6315171998331857,0.36848280016681434
4783e5d684da99ba,2025-04-23 00:00:00+00:00,SELL,0.6315171998331857,0.36848280016681434
7cf50a99454f14c9,2025-04-23 06:00:00+00:00,SELL,0.6315171998331857,0.36848280016681434
7319c700871f4f12,2025-04-23 12:00:00+00:00,SELL,0.6315171998331857,0.36848280016681434
65589abde6e6e243,2025-04-23 18:00:00+00:00,SELL,0.6315171998331857,0.36848280016681434
aeb44000746eefc1,2025-04-24 00:00:00+00:00,SELL,0.6315171998331857,0.36848280016681434
44592897cb246e81,2025-04-24 06:00:00+00:00,SELL,0.6315171998331857,0.36848280016681434
dfb86a83b55e72b4,2025-04-24 12:00:00+00:00,SELL,0.6315171998331857,0.36848280016681434
362bfd81870d4bc6,2025-04-24 18:00:00+00:00,SELL,0.6315171998331857,0.36848280016681434
b08384a27330cf33,2025-04-25 00:00:00+00:00,SELL,0.6315171998331857,0.36848280016681434
c09e603d8143db52,2025-04-25 06:00:00+00:00,SELL,0.6315171998331857,0.36848280016681434
6db25eed5a1ab3ff,2025-04-25 12:00:00+00:00,SELL,0.6315171998331857,0.36848280016681434
2b7dff165db9851a,2025-04-25 18:00:00+00:00,SELL,0.6315171998331857,0.36848280016681434
ada14a99ec91488d,2025-04-28 00:00:00+00:00,SELL,0.6315171998331857,0.36848280016681434
55dcb88ce5d0d798,2025-04-28 06:00:00+00:00,SELL,0.6315171998331857,0.36848280016681434
62074cd96ecf50f1,2025-04-28 12:00:00+00:00,SELL,0.6315171998331857,0.36848280016681434
f41ec9b4751204b7,2025-04-28 18:00:00+00:00,SELL,0.6315171998331857,0.36848280016681434
57de0870ed5228f0,2025-04-29 00:00:00+00:00,SELL,0.6315171998331857,0.36848280016681434
df2228950145182f,2025-04-29 06:00:00+00:00,SELL,0.6315171998331857,0.36848280016681434
371f4a80d1dc4842,2025-04-29 12:00:00+00:00,SELL,0.6315171998331857,0.36848280016681434
bb5f0e605548c13f,2025-04-29 18:00:00+00:00,SELL,0.6315171998331857,0.36848280016681434
6a22391f1de94be8,2025-04-30 00:00:00+00:00,SELL,0.6315171998331857,0.36848280016681434
be966f44ef09c61c,2025-04-30 06:00:00+00:00,SELL,0.6315171998331857,0.36848280016681434
1367f66683be4ec8,2025-04-30 12:00:00+00:00,SELL,0.6315171998331857,0.36848280016681434
9166b7f3494798a1,2025-04-30 18:00:00+00:00,SELL,0.6315171998331857,0.36848280016681434
b156d9e9867adbbc,2025-05-01 00:00:00+00:00,SELL,0.6315171998331857,0.36848280016681434
960561e7bd5a547c,2025-05-01 06:00:00+00:00,SELL,0.6315171998331857,0.36848280016681434
f27e2e4c7ff38a36,2025-05-01 12:00:00+00:00,SELL,0.6315171998331857,0.36848280016681434
eb6a4aa970cdcfa6,2025-05-01 18:00:00+00:00,SELL,0.6315171998331857,0.36848280016681434
a187d0f8ecf03dd6,2025-05-02 00:00:00+00:00,SELL,0.6315171998331857,0.36848280016681434
83c5b64e1a5f88a8,2025-05-02 06:00:00+00:00,SELL,0.6315171998331857,0.36848280016681434
d70b6933e3944265,2025-05-02 12:00:00+00:00,SELL,0.6315171998331857,0.36848280016681434
5d34e3846f991ef9,2025-05-02 18:00:00+00:00,SELL,0.6315171998331857,0.36848280016681434
590e46ffbf8d5a59,2025-05-05 00:00:00+00:00,SELL,0.6315171998331857,0.36848280016681434
33c1966c25581529,2025-05-05 06:00:00+00:00,SELL,0.6315171998331857,0.36848280016681434
6b10cb1d3b6cba3f,2025-05-05 12:00:00+00:00,SELL,0.6315171998331857,0.36848280016681434
46423fe3e5919bdc,2025-05-05 18:00:00+00:00,SELL,0.6315171998331857,0.36848280016681434
73970c7b4eccf282,2025-05-06 00:00:00+00:00,SELL,0.6315171998331857,0.36848280016681434
1b71c43818034291,2025-05-06 06:00:00+00:00,SELL,0.6315171998331857,0.36848280016681434
a74b7aae488d4239,2025-05-06 12:00:00+00:00,SELL,0.6315171998331857,0.36848280016681434
e9b4d41065d94574,2025-05-06 18:00:00+00:00,SELL,0.6315171998331857,0.36848280016681434
792dd1d3bc1394b3,2025-05-07 00:00:00+00:00,SELL,0.6315171998331857,0.36848280016681434
363b950680204e54,2025-05-07 06:00:00+00:00,SELL,0.6315171998331857,0.36848280016681434
20dc0718ff6fb716,2025-05-07 12:00:00+00:00,SELL,0.6315171998331857,0.36848280016681434
00ab57c0d4727383,2025-05-07 18:00:00+00:00,SELL,0.6315171998331857,0.36848280016681434
488fcfba8fb89a1c,2025-05-08 00:00:00+00:00,SELL,0.6315171998331857,0.36848280016681434
d287859bcf9336ea,2025-05-08 06:00:00+00:00,SELL,0.6315171998331857,0.36848280016681434
eab8c00110285d91,2025-05-08 12:00:00+00:00,SELL,0.6315171998331857,0.36848280016681434
c79654e42b049c7b,2025-05-08 18:00:00+00:00,SELL,0.6315171998331857,0.36848280016681434
d2a8aef3d0de11fa,2025-05-09 00:00:00+00:00,SELL,0.6315171998331857,0.36848280016681434
3d88f765a6fbb33e,2025-05-09 06:00:00+00:00,SELL,0.6315171998331857,0.36848280016681434
fee158b5c742750a,2025-05-09 12:00:00+00:00,SELL,0.6315171998331857,0.36848280016681434
68bd94bb9645293b,2025-05-09 18:00:00+00:00,SELL,0.6315171998331857,0.36848280016681434
e9008a15f8d9c6a1,2025-05-12 00:00:00+00:00,SELL,0.6315171998331857,0.36848280016681434
2838170611830504,2025-05-12 06:00:00+00:00,SELL,0.6315171998331857,0.36848280016681434
0b4945dd8581ae54,2025-05-12 12:00:00+00:00,SELL,0.6315171998331857,0.36848280016681434
b45fdcda4e2eef62,2025-05-12 18:00:00+00:00,SELL,0.6315171998331857,0.36848280016681434
8578b535e65a2ff0,2025-05-13 00:00:00+00:00,SELL,0.6315171998331857,0.36848280016681434
c5d87573b357876b,2025-05-13 06:00:00+00:00,SELL,0.6315171998331857,0.36848280016681434
5ac188832ba9ecbd,2025-05-13 12:00:00+00:00,SELL,0.6315171998331857,0.36848280016681434
214e4f595ab86f81,2025-05-13 18:00:00+00:00,SELL,0.6315171998331857,0.36848280016681434
568fa957c552663e,2025-05-14 00:00:00+00:00,SELL,0.6315171998331857,0.36848280016681434
5a0220a3e17aa4f0,2025-05-14 06:00:00+00:00,SELL,0.6315171998331857,0.36848280016681434
7a306fbb1e689560,2025-05-14 12:00:00+00:00,SELL,0.6315171998331857,0.36848280016681434
f849c92d6babc4c9,2025-05-14 18:00:00+00:00,SELL,0.6315171998331857,0.36848280016681434
a9ca6c9aed7a1655,2025-05-15 00:00:00+00:00,SELL,0.6315171998331857,0.36848280016681434
85c90dff10db22bf,2025-05-15 06:00:00+00:00,SELL,0.6315171998331857,0.36848280016681434
41bb5fc81604e05f,2025-05-15 12:00:00+00:00,SELL,0.6315171998331857,0.36848280016681434
da70e9959e19e3f8,2025-05-15 18:00:00+00:00,SELL,0.6315171998331857,0.36848280016681434
6d1437e92a78933b,2025-05-16 00:00:00+00:00,SELL,0.6315171998331857,0.36848280016681434
cd6652007e893d56,2025-05-16 06:00:00+00:00,SELL,0.6315171998331857,0.36848280016681434
833f2edba1f12013,2025-05-16 12:00:00+00:00,SELL,0.6315171998331857,0.36848280016681434
07d7130647dd8484,2025-05-16 18:00:00+00:00,SELL,0.6315171998331857,0.36848280016681434
de0db8071a848caa,2025-05-19 00:00:00+00:00,SELL,0.6315171998331857,0.36848280016681434
7ffb513470df9ac9,2025-05-19 06:00:00+00:00,SELL,0.6315171998331857,0.36848280016681434
004f9b87453a45e3,2025-05-19 12:00:00+00:00,SELL,0.6315171998331857,0.36848280016681434
50ba37abb1de649e,2025-05-19 18:00:00+00:00,SELL,0.6315171998331857,0.36848280016681434
484b5cab423eb41d,2025-05-20 00:00:00+00:00,SELL,0.6315171998331857,0.36848280016681434
6faae42428a99029,2025-05-20 06:00:00+00:00,SELL,0.6315171998331857,0.36848280016681434
c1cc884aed93d5a3,2025-05-20 12:00:00+00:00,SELL,0.6315171998331857,0.36848280016681434
7c6ed31fdf8941d9,2025-05-20 18:00:00+00:00,SELL,0.6315171998331857,0.36848280016681434
bf83fe67b7a4d30a,2025-05-21 00:00:00+00:00,SELL,0.6315171998331857,0.36848280016681434
a0c7e7e9422f94da,2025-05-21 06:00:00+00:00,SELL,0.6315171998331857,0.36848280016681434
3621e49951fbfe71,2025-05-21 12:00:00+00:00,SELL,0.6315171998331857,0.36848280016681434
5a61a650c519a571,2025-05-21 18:00:00+00:00,SELL,0.6315171998331857,0.36848280016681434
89591fdf41a2915a,2025-05-22 00:00:00+00:00,SELL,0.6315171998331857,0.36848280016681434
727a469daa89409c,2025-05-22 06:00:00+00:00,SELL,0.6315171998331857,0.36848280016681434
73486c24c612574d,2025-05-22 12:00:00+00:00,SELL,0.6315171998331857,0.36848280016681434
d29fb5fc1dcbae62,2025-05-22 18:00:00+00:00,SELL,0.6315171998331857,0.36848280016681434
754770dfce23fea2,2025-05-23 00:00:00+00:00,SELL,0.6315171998331857,0.36848280016681434
4f224de21f37c3e2,2025-05-23 06:00:00+00:00,SELL,0.6315171998331857,0.36848280016681434
c837ed21003fd672,2025-05-23 12:00:00+00:00,SELL,0.6315171998331857,0.36848280016681434
e52940da422fb10a,2025-05-23 18:00:00+00:00,SELL,0.6315171998331857,0.36848280016681434
7886078b5f94b68f,2025-05-26 00:00:00+00:00,SELL,0.6315171998331857,0.36848280016681434
503f566cbc8d4a92,2025-05-26 06:00:00+00:00,SELL,0.6315171998331857,0.36848280016681434
aa8b1d7f7929c30d,2025-05-26 12:00:00+00:00,SELL,0.6315171998331857,0.36848280016681434
03e60010f37467bd,2025-05-26 18:00:00+00:00,SELL,0.6315171998331857,0.36848280016681434
e8dc73f37a320eb1,2025-05-27 00:00:00+00:00,SELL,0.6315171998331857,0.36848280016681434
d3dfc2a5350414ef,2025-05-27 06:00:00+00:00,SELL,0.6315171998331857,0.36848280016681434
fc32de5a6d6acde1,2025-05-27 12:00:00+00:00,SELL,0.6315171998331857,0.36848280016681434
20b3187e53bf633a,2025-05-27 18:00:00+00:00,SELL,0.6315171998331857,0.36848280016681434
eaf7c3f721bd711b,2025-05-28 00:00:00+00:00,SELL,0.6315171998331857,0.36848280016681434
6ca8d7e73f51956d,2025-05-28 06:00:00+00:00,SELL,0.6315171998331857,0.36848280016681434
699ba1acca0fc12a,2025-05-28 12:00:00+00:00,SELL,0.6315171998331857,0.36848280016681434
fb16160566de3f8f,2025-05-28 18:00:00+00:00,SELL,0.6315171998331857,0.36848280016681434
04391ccb21972770,2025-05-29 00:00:00+00:00,SELL,0.6315171998331857,0.36848280016681434
71c64e6f8e245692,2025-05-29 06:00:00+00:00,SELL,0.6315171998331857,0.36848280016681434
ef3ec755cc10c78e,2025-05-29 12:00:00+00:00,SELL,0.6315171998331857,0.36848280016681434
bb53e7e9f689ffd2,2025-05-29 18:00:00+00:00,SELL,0.6315171998331857,0.36848280016681434
65bb3a0739e8257b,2025-05-30 00:00:00+00:00,SELL,0.6315171998331857,0.36848280016681434
fa1ceb489d263a0d,2025-05-30 06:00:00+00:00,SELL,0.6315171998331857,0.36848280016681434
a6f70af71d337469,2025-05-30 12:00:00+00:00,SELL,0.6315171998331857,0.36848280016681434
035e7f77c231639c,2025-05-30 18:00:00+00:00,SELL,0.6315171998331857,0.36848280016681434
ac78d42175f79288,2025-06-02 00:00:00+00:00,SELL,0.6315171998331857,0.36848280016681434
b184bcb3b416d9bf,2025-06-02 06:00:00+00:00,SELL,0.6315171998331857,0.36848280016681434
614acc2f30f85e37,2025-06-02 12:00:00+00:00,SELL,0.6315171998331857,0.36848280016681434
63048c9d9822bacb,2025-06-02 18:00:00+00:00,SELL,0.6315171998331857,0.36848280016681434
a6ce6975056ddebb,2025-06-03 00:00:00+00:00,SELL,0.6315171998331857,0.36848280016681434
f8ed0d4886533d61,2025-06-03 06:00:00+00:00,SELL,0.6315171998331857,0.36848280016681434
16455db208623d5f,2025-06-03 12:00:00+00:00,SELL,0.6315171998331857,0.36848280016681434
f92a2ebca25acccd,2025-06-03 18:00:00+00:00,SELL,0.6315171998331857,0.36848280016681434
f0e144a8aad8be4b,2025-06-04 00:00:00+00:00,SELL,0.6315171998331857,0.36848280016681434
6cc0eb53c7f7b117,2025-06-04 06:00:00+00:00,SELL,0.6315171998331857,0.36848280016681434
53ef707fa607ecf2,2025-06-04 12:00:00+00:00,SELL,0.6315171998331857,0.36848280016681434
ce546189e448b6f8,2025-06-04 18:00:00+00:00,SELL,0.6315171998331857,0.36848280016681434
4eb0358631679f04,2025-06-05 00:00:00+00:00,SELL,0.6315171998331857,0.36848280016681434
1c3e2b3fd1fa4098,2025-06-05 06:00:00+00:00,SELL,0.6315171998331857,0.36848280016681434
819de58075206fb8,2025-06-05 12:00:00+00:00,SELL,0.6315171998331857,0.36848280016681434
7d3b41b7ffdd0bd1,2025-06-05 18:00:00+00:00,SELL,0.6315171998331857,0.36848280016681434
72d0eeed248d46ef,2025-06-06 00:00:00+00:00,SELL,0.6315171998331857,0.36848280016681434
0a7fe1662ecdedd4,2025-06-06 06:00:00+00:00,SELL,0.6315171998331857,0.36848280016681434
7de894b5bc9c5880,2025-06-06 12:00:00+00:00,SELL,0.6315171998331857,0.36848280016681434
79d29f83cd1d697b,2025-06-06 18:00:00+00:00,SELL,0.6315171998331857,0.36848280016681434
2c55fd5c9a07f9eb,2025-06-09 00:00:00+00:00,SELL,0.6315171998331857,0.36848280016681434
e5aa699ee16a0b9a,2025-06-09 06:00:00+00:00,SELL,0.6315171998331857,0.36848280016681434
8e1ca166e85e8f9b,2025-06-09 12:00:00+00:00,SELL,0.6315171998331857,0.36848280016681434
a9e0b949a91d1110,2025-06-09 18:00:00+00:00,SELL,0.6315171998331857,0.36848280016681434
a2179d0e58828453,2025-06-10 00:00:00+00:00,SELL,0.6315171998331857,0.36848280016681434
83d517e8eade7aad,2025-06-10 06:00:00+00:00,SELL,0.6315171998331857,0.36848280016681434
a48c3c59a60ed381,2025-06-10 12:00:00+00:00,SELL,0.6315171998331857,0.36848280016681434
172bff02d7c9d2ab,2025-06-10 18:00:00+00:00,SELL,0.6315171998331857,0.36848280016681434
2833ff5b32e5ff9d,2025-06-11 00:00:00+00:00,SELL,0.6315171998331857,0.36848280016681434
23521e85ab0d2283,2025-06-11 06:00:00+00:00,SELL,0.6315171998331857,0.36848280016681434
c21b8e5c12b9c258,2025-06-11 12:00:00+00:00,SELL,0.6315171998331857,0.36848280016681434
b5f7b71ffdc3ca30,2025-06-11 18:00:00+00:00,SELL,0.6315171998331857,0.36848280016681434
82797484a82e8332,2025-06-12 00:00:00+00:00,SELL,0.6315171998331857,0.36848280016681434
80af7b0ac2f0553c,2025-06-12 06:00:00+00:00,SELL,0.6315171998331857,0.36848280016681434
220a0057c6e11eb2,2025-06-12 12:00:00+00:00,SELL,0.6315171998331857,0.36848280016681434
b9dc8c10c3d0cd25,2025-06-12 18:00:00+00:00,SELL,0.6315171998331857,0.36848280016681434
db956d48937d92f1,2025-06-13 00:00:00+00:00,SELL,0.6315171998331857,0.36848280016681434
e82bab0d6d68a195,2025-06-13 06:00:00+00:00,SELL,0.6315171998331857,0.36848280016681434
9df40317ca6f6d3a,2025-06-13 12:00:00+00:00,SELL,0.6315171998331857,0.36848280016681434
5966419bc0505600,2025-06-13 18:00:00+00:00,SELL,0.6315171998331857,0.36848280016681434
6985d7575d4fe181,2025-06-16 00:00:00+00:00,SELL,0.6315171998331857,0.36848280016681434
6265fdf399e1e5dc,2025-06-16 06:00:00+00:00,SELL,0.6315171998331857,0.36848280016681434
11f295c83424a0c8,2025-06-16 12:00:00+00:00,SELL,0.6315171998331857,0.36848280016681434
b56bb26ad039b4c4,2025-06-16 18:00:00+00:00,SELL,0.6315171998331857,0.36848280016681434
aae5f18aa262b6ff,2025-06-17 00:00:00+00:00,SELL,0.6315171998331857,0.36848280016681434
9328351669d30da5,2025-06-17 06:00:00+00:00,SELL,0.6315171998331857,0.36848280016681434
1c9ae0b0a71e10cb,2025-06-17 12:00:00+00:00,SELL,0.6315171998331857,0.36848280016681434
a49b422a2a9051c2,2025-06-17 18:00:00+00:00,SELL,0.6315171998331857,0.36848280016681434
370328c05ccd8773,2025-06-18 00:00:00+00:00,SELL,0.6315171998331857,0.36848280016681434
1d2dcc3494755059,2025-06-18 06:00:00+00:00,SELL,0.6315171998331857,0.36848280016681434
7b34f8d4de77556f,2025-06-18 12:00:00+00:00,SELL,0.6315171998331857,0.36848280016681434
32b34a5159f31420,2025-06-18 18:00:00+00:00,SELL,0.6315171998331857,0.36848280016681434
35eb9f3d293d6d4f,2025-06-19 00:00:00+00:00,SELL,0.6315171998331857,0.36848280016681434
24f11c7e37ba230e,2025-06-19 06:00:00+00:00,SELL,0.6315171998331857,0.36848280016681434
af0c3ab7d3d08eb7,2025-06-19 12:00:00+00:00,SELL,0.6315171998331857,0.36848280016681434
a1b9ed38db396bac,2025-06-19 18:00:00+00:00,SELL,0.6315171998331857,0.36848280016681434
bc72eb94b0d55f11,2025-06-20 00:00:00+00:00,SELL,0.6315171998331857,0.36848280016681434
0b627f6883c69f6e,2025-06-20 06:00:00+00:00,SELL,0.6315171998331857,0.36848280016681434
9ce9f2358b03916d,2025-06-20 12:00:00+00:00,SELL,0.6315171998331857,0.36848280016681434
2b2ecfebe1c98c61,2025-06-20 18:00:00+00:00,SELL,0.6315171998331857,0.36848280016681434
a52c6e222e102946,2025-06-23 00:00:00+00:00,SELL,0.6315171998331857,0.36848280016681434
63c35f9e9aa7c6dc,2025-06-23 06:00:00+00:00,SELL,0.6315171998331857,0.36848280016681434
d52b40394cc9579b,2025-06-23 12:00:00+00:00,SELL,0.6315171998331857,0.36848280016681434
fe554f16512ca3dc,2025-06-23 18:00:00+00:00,SELL,0.6315171998331857,0.36848280016681434
0518e7832159ab23,2025-06-24 00:00:00+00:00,SELL,0.6315171998331857,0.36848280016681434
6c6ddfc68d4eabe0,2025-06-24 06:00:00+00:00,SELL,0.6315171998331857,0.36848280016681434
2efb10bfea96f6f7,2025-06-24 12:00:00+00:00,SELL,0.6315171998331857,0.36848280016681434
3b913c8010f8f659,2025-06-24 18:00:00+00:00,SELL,0.6315171998331857,0.36848280016681434
25efb602fb8b0c2d,2025-06-25 00:00:00+00:00,SELL,0.6315171998331857,0.36848280016681434
1d5b34ad49e99329,2025-06-25 06:00:00+00:00,SELL,0.6315171998331857,0.36848280016681434
f0fc8dcc367c1c2c,2025-06-25 12:00:00+00:00,SELL,0.6315171998331857,0.36848280016681434
a5fa46e06cf7b1dc,2025-06-25 18:00:00+00:00,SELL,0.6315171998331857,0.36848280016681434
121d4d303a60e56d,2025-06-26 00:00:00+00:00,SELL,0.6315171998331857,0.36848280016681434
de689b45fc92f00d,2025-06-26 06:00:00+00:00,SELL,0.6315171998331857,0.36848280016681434
17f46dd87fa60348,2025-06-26 12:00:00+00:00,SELL,0.6315171998331857,0.36848280016681434
56833ce2fb317a37,2025-06-26 18:00:00+00:00,SELL,0.6315171998331857,0.36848280016681434
35e9fd2f9d1a1add,2025-06-27 00:00:00+00:00,SELL,0.6315171998331857,0.36848280016681434
bd67563546bf860a,2025-06-27 06:00:00+00:00,SELL,0.6315171998331857,0.36848280016681434
2ca901e211eeb0dc,2025-06-27 12:00:00+00:00,SELL,0.6315171998331857,0.36848280016681434
ef8dffc0e4883b52,2025-06-27 18:00:00+00:00,SELL,0.6315171998331857,0.36848280016681434
a69de3ecefb052af,2025-06-30 00:00:00+00:00,SELL,0.6315171998331857,0.36848280016681434
1c1cfdbc868b4bd2,2025-06-30 06:00:00+00:00,SELL,0.6315171998331857,0.36848280016681434
3575f712a6ecb2a5,2025-06-30 12:00:00+00:00,SELL,0.6315171998331857,0.36848280016681434
322a6e8310ba945f,2025-06-30 18:00:00+00:00,SELL,0.6315171998331857,0.36848280016681434
79348416bf927c86,2025-07-01 00:00:00+00:00,SELL,0.6315171998331857,0.36848280016681434
323df48729d94ee0,2025-07-01 06:00:00+00:00,SELL,0.6315171998331857,0.36848280016681434
f464203c7ae839a3,2025-07-01 12:00:00+00:00,SELL,0.6315171998331857,0.36848280016681434
a85db54617d11b2a,2025-07-01 18:00:00+00:00,SELL,0.6315171998331857,0.36848280016681434
e00a60655d13d8a8,2025-07-02 00:00:00+00:00,SELL,0.6315171998331857,0.36848280016681434
b608ce7c00571b95,2025-07-02 06:00:00+00:00,SELL,0.6315171998331857,0.36848280016681434
2bb4e21664eaf2b8,2025-07-02 12:00:00+00:00,SELL,0.6315171998331857,0.36848280016681434
0c1cc6bcb4b2062d,2025-07-02 18:00:00+00:00,SELL,0.6315171998331857,0.36848280016681434
c28d9b0f5ff5fee6,2025-07-03 00:00:00+00:00,SELL,0.6315171998331857,0.36848280016681434
67687c31642c71c6,2025-07-03 06:00:00+00:00,SELL,0.6315171998331857,0.36848280016681434
f3203e2170d6184b,2025-07-03 12:00:00+00:00,SELL,0.6315171998331857,0.36848280016681434
502fe706d664c714,2025-07-03 18:00:00+00:00,SELL,0.6315171998331857,0.36848280016681434
5e83a1675ad5906d,2025-07-04 00:00:00+00:00,SELL,0.6315171998331857,0.36848280016681434
22ddd87e30b94898,2025-07-04 06:00:00+00:00,SELL,0.6315171998331857,0.36848280016681434
52d5fca57fa5eb3b,2025-07-04 12:00:00+00:00,SELL,0.6315171998331857,0.36848280016681434
fc03b637cbf5b22b,2025-07-04 18:00:00+00:00,SELL,0.6315171998331857,0.36848280016681434
35e9cc45597bba5b,2025-07-07 00:00:00+00:00,SELL,0.6315171998331857,0.36848280016681434
bf749da3f3fdc372,2025-07-07 06:00:00+00:00,SELL,0.6315171998331857,0.36848280016681434
6ccc4ccdd7f5046c,2025-07-07 12:00:00+00:00,SELL,0.6315171998331857,0.36848280016681434
7bbf6b48f1a6e8da,2025-07-07 18:00:00+00:00,SELL,0.6315171998331857,0.36848280016681434
02df0d307f3c5c66,2025-07-08 00:00:00+00:00,SELL,0.6315171998331857,0.36848280016681434
71acace106d535ab,2025-07-08 06:00:00+00:00,SELL,0.6315171998331857,0.36848280016681434
c43ea5964d005531,2025-07-08 12:00:00+00:00,SELL,0.6315171998331857,0.36848280016681434
7f2b5690e8efc077,2025-07-08 18:00:00+00:00,SELL,0.6315171998331857,0.36848280016681434
18b0350c28df3c95,2025-07-09 00:00:00+00:00,SELL,0.6315171998331857,0.36848280016681434
dcc86490cf1ba5e1,2025-07-09 06:00:00+00:00,SELL,0.6315171998331857,0.36848280016681434
52d848a0a5dd6e42,2025-07-09 12:00:00+00:00,SELL,0.6315171998331857,0.36848280016681434
0b72495bc72ad5f8,2025-07-09 18:00:00+00:00,SELL,0.6315171998331857,0.36848280016681434
3f8384f6a378e7b3,2025-07-10 00:00:00+00:00,SELL,0.6315171998331857,0.36848280016681434
a40bfc5e76ea0cb1,2025-07-10 06:00:00+00:00,SELL,0.6315171998331857,0.36848280016681434
4bf53ee8b0e214a5,2025-07-10 12:00:00+00:00,SELL,0.6315171998331857,0.36848280016681434
c2a700a34407fd28,2025-07-10 18:00:00+00:00,SELL,0.6315171998331857,0.36848280016681434
717ced666348d38d,2025-07-11 00:00:00+00:00,SELL,0.6315171998331857,0.36848280016681434
a1279650163b47a9,2025-07-11 06:00:00+00:00,SELL,0.6315171998331857,0.36848280016681434
1156efbf58c60e8d,2025-07-11 12:00:00+00:00,SELL,0.6315171998331857,0.36848280016681434
e8e7ca25db4893a9,2025-07-11 18:00:00+00:00,SELL,0.6315171998331857,0.36848280016681434
42ad07737febad79,2025-07-14 00:00:00+00:00,SELL,0.6315171998331857,0.36848280016681434
9e7f6b65b3b19fa4,2025-07-14 06:00:00+00:00,SELL,0.6315171998331857,0.36848280016681434
4aaf84ac242d5cb1,2025-07-14 12:00:00+00:00,SELL,0.6315171998331857,0.36848280016681434
1caf040ee12ab4b4,2025-07-14 18:00:00+00:00,SELL,0.6315171998331857,0.36848280016681434
1039d9ca283fde07,2025-07-15 00:00:00+00:00,SELL,0.6315171998331857,0.36848280016681434
5a52a679d90c7f9a,2025-07-15 06:00:00+00:00,SELL,0.6315171998331857,0.36848280016681434
e285596d143b110e,2025-07-15 12:00:00+00:00,SELL,0.6315171998331857,0.36848280016681434
32b0471b02eb3ebb,2025-07-15 18:00:00+00:00,SELL,0.6315171998331857,0.36848280016681434
b1f477a7a022fb68,2025-07-16 00:00:00+00:00,SELL,0.6315171998331857,0.36848280016681434
703fa982f3f305d7,2025-07-16 06:00:00+00:00,SELL,0.6315171998331857,0.36848280016681434
3e6136f125492884,2025-07-16 12:00:00+00:00,SELL,0.6315171998331857,0.36848280016681434
ceebaae64523bd69,2025-07-16 18:00:00+00:00,SELL,0.6315171998331857,0.36848280016681434
fd572728136e2137,2025-07-17 00:00:00+00:00,SELL,0.6315171998331857,0.36848280016681434
b7585e907387cda0,2025-07-17 06:00:00+00:00,SELL,0.6315171998331857,0.36848280016681434
a92edb488d3e4304,2025-07-17 12:00:00+00:00,SELL,0.6315171998331857,0.36848280016681434
079de997234304ae,2025-07-17 18:00:00+00:00,SELL,0.6315171998331857,0.36848280016681434
f0f2379c8fa50d16,2025-07-18 00:00:00+00:00,SELL,0.6315171998331857,0.36848280016681434
629b43e624d16bd3,2025-07-18 06:00:00+00:00,SELL,0.6315171998331857,0.36848280016681434
d7d1359d71d18de3,2025-07-18 12:00:00+00:00,SELL,0.6315171998331857,0.36848280016681434
18360dd8cb1340e1,2025-07-18 18:00:00+00:00,SELL,0.6315171998331857,0.36848280016681434
3143185d02ef9013,2025-07-21 00:00:00+00:00,SELL,0.6315171998331857,0.36848280016681434
72a1e6064552712b,2025-07-21 06:00:00+00:00,SELL,0.6315171998331857,0.36848280016681434
1b5f06aeca4f59cd,2025-07-21 12:00:00+00:00,SELL,0.6315171998331857,0.36848280016681434
a106d48600c2ea9b,2025-07-21 18:00:00+00:00,SELL,0.6315171998331857,0.36848280016681434
7b3874db0a4c8000,2025-07-22 00:00:00+00:00,SELL,0.6315171998331857,0.36848280016681434
89da3a2a64b1b4ab,2025-07-22 06:00:00+00:00,SELL,0.6315171998331857,0.36848280016681434
49b4031a13df02d7,2025-07-22 12:00:00+00:00,SELL,0.6315171998331857,0.36848280016681434
30d96ee2e7729826,2025-07-22 18:00:00+00:00,SELL,0.6315171998331857,0.36848280016681434
96ad327e2f24e7b7,2025-07-23 00:00:00+00:00,SELL,0.6315171998331857,0.36848280016681434
3d567ef2bd6cc16d,2025-07-23 06:00:00+00:00,SELL,0.6315171998331857,0.36848280016681434
90d423d3a83dc53b,2025-07-23 12:00:00+00:00,SELL,0.6315171998331857,0.36848280016681434
3f2453537136807a,2025-07-23 18:00:00+00:00,SELL,0.6315171998331857,0.36848280016681434
3c4973e73b4a96ea,2025-07-24 00:00:00+00:00,SELL,0.6315171998331857,0.36848280016681434
0cb0e4f862721d56,2025-07-24 06:00:00+00:00,SELL,0.6315171998331857,0.36848280016681434
2b583615a7f2b567,2025-07-24 12:00:00+00:00,SELL,0.6315171998331857,0.36848280016681434
b548aae09421a657,2025-07-24 18:00:00+00:00,SELL,0.6315171998331857,0.36848280016681434
0d5624e62d5c42c0,2025-07-25 00:00:00+00:00,SELL,0.6315171998331857,0.36848280016681434
e5677df8b3309009,2025-07-25 06:00:00+00:00,SELL,0.6315171998331857,0.36848280016681434
4e5f4abee4cd744e,2025-07-25 12:00:00+00:00,SELL,0.6315171998331857,0.36848280016681434
f65746b5eb47feb6,2025-07-25 18:00:00+00:00,SELL,0.6315171998331857,0.36848280016681434
0286f248673bd95e,2025-07-28 00:00:00+00:00,SELL,0.6315171998331857,0.36848280016681434
f87741e2be1f50cc,2025-07-28 06:00:00+00:00,SELL,0.6315171998331857,0.36848280016681434
822a4d8c39799375,2025-07-28 12:00:00+00:00,SELL,0.6315171998331857,0.36848280016681434
75e6d63c3a761903,2025-07-28 18:00:00+00:00,SELL,0.6315171998331857,0.36848280016681434
7e7ca4dd586f4b85,2025-07-29 00:00:00+00:00,SELL,0.6315171998331857,0.36848280016681434
dc9fe61696a32a3c,2025-07-29 06:00:00+00:00,SELL,0.6315171998331857,0.36848280016681434
090472fda71ca28c,2025-07-29 12:00:00+00:00,SELL,0.6315171998331857,0.36848280016681434
7e93ec124054d051,2025-07-29 18:00:00+00:00,SELL,0.6315171998331857,0.36848280016681434
4e564d72ef41ab5d,2025-07-30 00:00:00+00:00,SELL,0.6315171998331857,0.36848280016681434
22e070a935ee3866,2025-07-30 06:00:00+00:00,SELL,0.6315171998331857,0.36848280016681434
dc02f0b22c2f9135,2025-07-30 12:00:00+00:00,SELL,0.6315171998331857,0.36848280016681434
bffacb800e60676b,2025-07-30 18:00:00+00:00,SELL,0.6315171998331857,0.36848280016681434
09a25c4212d23270,2025-07-31 00:00:00+00:00,SELL,0.6315171998331857,0.36848280016681434
ed720dedf09fd2dd,2025-07-31 06:00:00+00:00,SELL,0.6315171998331857,0.36848280016681434
6e5bb21f5cc6e5b7,2025-07-31 12:00:00+00:00,SELL,0.6315171998331857,0.36848280016681434
624021501e4dabb6,2025-07-31 18:00:00+00:00,SELL,0.6315171998331857,0.36848280016681434
30fb8e062d61a150,2025-08-01 00:00:00+00:00,SELL,0.6315171998331857,0.36848280016681434
aa86eae6bbbb19cb,2025-08-01 06:00:00+00:00,SELL,0.6315171998331857,0.36848280016681434
d3e02bd8cc4a6877,2025-08-01 12:00:00+00:00,SELL,0.6315171998331857,0.36848280016681434
82e12bf5ac63eb75,2025-08-01 18:00:00+00:00,SELL,0.6315171998331857,0.36848280016681434
8c6024f51c103415,2025-08-04 00:00:00+00:00,SELL,0.6315171998331857,0.36848280016681434
bc6ce638f3f0c536,2025-08-04 06:00:00+00:00,SELL,0.6315171998331857,0.36848280016681434
518f027d2ed13901,2025-08-04 12:00:00+00:00,SELL,0.6315171998331857,0.36848280016681434
529723de3890accb,2025-08-04 18:00:00+00:00,SELL,0.6315171998331857,0.36848280016681434
f21ab59a00d26fe4,2025-08-05 00:00:00+00:00,SELL,0.6315171998331857,0.36848280016681434
71538eba09a39b9b,2025-08-05 06:00:00+00:00,SELL,0.6315171998331857,0.36848280016681434
db5b24abe79edab3,2025-08-05 12:00:00+00:00,SELL,0.6315171998331857,0.36848280016681434
096594c33c10806b,2025-08-05 18:00:00+00:00,SELL,0.6315171998331857,0.36848280016681434
452e9fe7c82a70b3,2025-08-06 00:00:00+00:00,SELL,0.6315171998331857,0.36848280016681434
19a80831af75a415,2025-08-06 06:00:00+00:00,SELL,0.6315171998331857,0.36848280016681434
b5116376a7024e5a,2025-08-06 12:00:00+00:00,SELL,0.6315171998331857,0.36848280016681434
7265c7c0497adeb2,2025-08-06 18:00:00+00:00,SELL,0.6315171998331857,0.36848280016681434
2908d9a648f2b9bd,2025-08-07 00:00:00+00:00,SELL,0.6315171998331857,0.36848280016681434
402844ff8e2438fe,2025-08-07 06:00:00+00:00,SELL,0.6315171998331857,0.36848280016681434
d848cd3509cd7933,2025-08-07 12:00:00+00:00,SELL,0.6315171998331857,0.36848280016681434
9d6a259ba153e330,2025-08-07 18:00:00+00:00,SELL,0.6315171998331857,0.36848280016681434
0de5ddb54f70ab88,2025-08-08 00:00:00+00:00,SELL,0.6315171998331857,0.36848280016681434
c06bd5d8368a9906,2025-08-08 06:00:00+00:00,SELL,0.6315171998331857,0.36848280016681434
885654e03b135ed9,2025-08-08 12:00:00+00:00,SELL,0.6315171998331857,0.36848280016681434
181e214690232b86,2025-08-08 18:00:00+00:00,SELL,0.6315171998331857,0.36848280016681434
7b9f2539f0788128,2025-08-11 00:00:00+00:00,SELL,0.6315171998331857,0.36848280016681434
b59506dfe48426f4,2025-08-11 06:00:00+00:00,SELL,0.6315171998331857,0.36848280016681434
ca035c50bca8a890,2025-08-11 12:00:00+00:00,SELL,0.6315171998331857,0.36848280016681434
25ecf0ff04087ea6,2025-08-11 18:00:00+00:00,SELL,0.6315171998331857,0.36848280016681434
823d04244a62dde8,2025-08-12 00:00:00+00:00,SELL,0.6315171998331857,0.36848280016681434
a0cb9807637d6016,2025-08-12 06:00:00+00:00,SELL,0.6315171998331857,0.36848280016681434
27413326631858af,2025-08-12 12:00:00+00:00,SELL,0.6315171998331857,0.36848280016681434
939f4913155ee3b5,2025-08-12 18:00:00+00:00,SELL,0.6315171998331857,0.36848280016681434
15fd775a06385813,2025-08-13 00:00:00+00:00,SELL,0.6315171998331857,0.36848280016681434
1569377aff91b389,2025-08-13 06:00:00+00:00,SELL,0.6315171998331857,0.36848280016681434
802c1b83605649b9,2025-08-13 12:00:00+00:00,SELL,0.6315171998331857,0.36848280016681434
3a72942ee873e561,2025-08-13 18:00:00+00:00,SELL,0.6315171998331857,0.36848280016681434
5360f17e4cff39bb,2025-08-14 00:00:00+00:00,SELL,0.6315171998331857,0.36848280016681434
0a5b675c9b004a8a,2025-08-14 06:00:00+00:00,SELL,0.6315171998331857,0.36848280016681434
ded8a20f4d635030,2025-08-14 12:00:00+00:00,SELL,0.6315171998331857,0.36848280016681434
4f433bce36f3fb42,2025-08-14 18:00:00+00:00,SELL,0.6315171998331857,0.36848280016681434
6ce4e45ac010cc42,2025-08-15 00:00:00+00:00,SELL,0.6315171998331857,0.36848280016681434
18a72667f9189d53,2025-08-15 06:00:00+00:00,SELL,0.6315171998331857,0.36848280016681434
7b58906b4e3495a0,2025-08-15 12:00:00+00:00,SELL,0.6315171998331857,0.36848280016681434
93f2be5061526a01,2025-08-15 18:00:00+00:00,SELL,0.6315171998331857,0.36848280016681434
c9a34668e59321e9,2025-08-18 00:00:00+00:00,SELL,0.6315171998331857,0.36848280016681434
d37364962985668d,2025-08-18 06:00:00+00:00,SELL,0.6315171998331857,0.36848280016681434
07101bbae32cbcc6,2025-08-18 12:00:00+00:00,SELL,0.6315171998331857,0.36848280016681434
9e0279f9e4c8ee7f,2025-08-18 18:00:00+00:00,SELL,0.6315171998331857,0.36848280016681434
69600ecc056d54c7,2025-08-19 00:00:00+00:00,SELL,0.6315171998331857,0.36848280016681434
cfca44c9ed5ec304,2025-08-19 06:00:00+00:00,SELL,0.6315171998331857,0.36848280016681434
1c45aa3f53fe3a44,2025-08-19 12:00:00+00:00,SELL,0.6315171998331857,0.36848280016681434
4bc1593d92e81c18,2025-08-19 18:00:00+00:00,SELL,0.6315171998331857,0.36848280016681434
3e1e21705c9f8d04,2025-08-20 00:00:00+00:00,SELL,0.6315171998331857,0.36848280016681434
4ef414c738a644c9,2025-08-20 06:00:00+00:00,SELL,0.6315171998331857,0.36848280016681434
14992e7ce7a3a3ed,2025-08-20 12:00:00+00:00,SELL,0.6315171998331857,0.36848280016681434
d81c26c337dc7dd5,2025-08-20 18:00:00+00:00,SELL,0.6315171998331857,0.36848280016681434
4a7a98286a2d09cf,2025-08-21 00:00:00+00:00,SELL,0.6315171998331857,0.36848280016681434
763f61b7b8692a82,2025-08-21 06:00:00+00:00,SELL,0.6315171998331857,0.36848280016681434
a17657f6f541c752,2025-08-21 12:00:00+00:00,SELL,0.6315171998331857,0.36848280016681434
36affbd4f4e713c3,2025-08-21 18:00:00+00:00,SELL,0.6315171998331857,0.36848280016681434
86b90929ba1dede4,2025-08-22 00:00:00+00:00,SELL,0.6315171998331857,0.36848280016681434
a1bcfbe817c32e38,2025-08-22 06:00:00+00:00,SELL,0.6315171998331857,0.36848280016681434
81a51586e7800b11,2025-08-22 12:00:00+00:00,SELL,0.6315171998331857,0.36848280016681434
deca609f2ce85815,2025-08-22 18:00:00+00:00,SELL,0.6315171998331857,0.36848280016681434
a255fdfb7e308e71,2025-08-25 00:00:00+00:00,SELL,0.6315171998331857,0.36848280016681434
d34cd084d9d9b5bf,2025-08-25 06:00:00+00:00,SELL,0.6315171998331857,0.36848280016681434
e08482b5f1f5b7d9,2025-08-25 12:00:00+00:00,SELL,0.6315171998331857,0.36848280016681434
3b3d7c4234f0d401,2025-08-25 18:00:00+00:00,SELL,0.6315171998331857,0.36848280016681434
21d1dda24fbacbe3,2025-08-26 00:00:00+00:00,SELL,0.6315171998331857,0.36848280016681434
386fcaf14951b266,2025-08-26 06:00:00+00:00,SELL,0.6315171998331857,0.36848280016681434
ce84abe0938d6a5b,2025-08-26 12:00:00+00:00,SELL,0.6315171998331857,0.36848280016681434
56f3dca632000d06,2025-08-26 18:00:00+00:00,SELL,0.6315171998331857,0.36848280016681434
b638f8dac410c07b,2025-08-27 00:00:00+00:00,SELL,0.6315171998331857,0.36848280016681434
ff3ec76787af9ced,2025-08-27 06:00:00+00:00,SELL,0.6315171998331857,0.36848280016681434
5745077e2aa991c3,2025-08-27 12:00:00+00:00,SELL,0.6315171998331857,0.36848280016681434
f4e0dac621465e0b,2025-08-27 18:00:00+00:00,SELL,0.6315171998331857,0.36848280016681434
855878ea0b1d53f6,2025-08-28 00:00:00+00:00,SELL,0.6315171998331857,0.36848280016681434
5db6b8c19a286e8b,2025-08-28 06:00:00+00:00,SELL,0.6315171998331857,0.36848280016681434
ff6fe0d4573fb08b,2025-08-28 12:00:00+00:00,SELL,0.6315171998331857,0.36848280016681434
a275b34436f1db62,2025-08-28 18:00:00+00:00,SELL,0.6315171998331857,0.36848280016681434
a9d026931c3f59ca,2025-08-29 00:00:00+00:00,SELL,0.6315171998331857,0.36848280016681434
95ddb8af1fc1e19d,2025-08-29 06:00:00+00:00,SELL,0.6315171998331857,0.36848280016681434
5d249214c8806e11,2025-08-29 12:00:00+00:00,SELL,0.6315171998331857,0.36848280016681434
3fa05298dbf15e52,2025-08-29 18:00:00+00:00,SELL,0.6315171998331857,0.36848280016681434
2015d9b7276d36bc,2025-09-01 00:00:00+00:00,SELL,0.6315171998331857,0.36848280016681434
cbf9841d947f7d7e,2025-09-01 06:00:00+00:00,SELL,0.6315171998331857,0.36848280016681434
c8cdbddc87d91010,2025-09-01 12:00:00+00:00,SELL,0.6315171998331857,0.36848280016681434
ef4503612adc9bbb,2025-09-01 18:00:00+00:00,SELL,0.6315171998331857,0.36848280016681434
490d3769458c015c,2025-09-02 00:00:00+00:00,SELL,0.6315171998331857,0.36848280016681434
8d5d6b44ce383569,2025-09-02 06:00:00+00:00,SELL,0.6315171998331857,0.36848280016681434
dc218ca28bb22ea1,2025-09-02 12:00:00+00:00,SELL,0.6315171998331857,0.36848280016681434
c0d85d2f35ed32ff,2025-09-02 18:00:00+00:00,SELL,0.6315171998331857,0.36848280016681434
e8b5e4f4785c55e3,2025-09-03 00:00:00+00:00,SELL,0.6315171998331857,0.36848280016681434
80d47ba484da5861,2025-09-03 06:00:00+00:00,SELL,0.6315171998331857,0.36848280016681434
567c69cb1a6d88b1,2025-09-03 12:00:00+00:00,SELL,0.6315171998331857,0.36848280016681434
e517f85ce335008c,2025-09-03 18:00:00+00:00,SELL,0.6315171998331857,0.36848280016681434
4139a0455475a497,2025-09-04 00:00:00+00:00,SELL,0.6315171998331857,0.36848280016681434
48c063895f37fcfe,2025-09-04 06:00:00+00:00,SELL,0.6315171998331857,0.36848280016681434
527724108290023f,2025-09-04 12:00:00+00:00,SELL,0.6315171998331857,0.36848280016681434
663046701089162a,2025-09-04 18:00:00+00:00,SELL,0.6315171998331857,0.36848280016681434
c5bc735a33653329,2025-09-05 00:00:00+00:00,SELL,0.6315171998331857,0.36848280016681434
656962352a95741c,2025-09-05 06:00:00+00:00,SELL,0.6315171998331857,0.36848280016681434
a58b7745f861945b,2025-09-05 12:00:00+00:00,SELL,0.6315171998331857,0.36848280016681434
bcb7a5f561ba8c4c,2025-09-05 18:00:00+00:00,SELL,0.6315171998331857,0.36848280016681434
9d7d57fcafb1b74b,2025-09-08 00:00:00+00:00,SELL,0.6315171998331857,0.36848280016681434
7c89c85a2e34c44b,2025-09-08 06:00:00+00:00,SELL,0.6315171998331857,0.36848280016681434
3ee3503537fa7fbb,2025-09-08 12:00:00+00:00,SELL,0.6315171998331857,0.36848280016681434
2a55dec5b33a0e05,2025-09-08 18:00:00+00:00,SELL,0.6315171998331857,0.36848280016681434
c30c5764ced5d717,2025-09-09 00:00:00+00:00,SELL,0.6315171998331857,0.36848280016681434
f978c4a01425d55c,2025-09-09 06:00:00+00:00,SELL,0.6315171998331857,0.36848280016681434
b2ed3d1f92807dfd,2025-09-09 12:00:00+00:00,SELL,0.6315171998331857,0.36848280016681434
633436f1e5766bfc,2025-09-09 18:00:00+00:00,SELL,0.6315171998331857,0.36848280016681434
9896023459fbb356,2025-09-10 00:00:00+00:00,SELL,0.6315171998331857,0.36848280016681434
16515ce6ae980b6b,2025-09-10 06:00:00+00:00,SELL,0.6315171998331857,0.36848280016681434
c92173547fca1b59,2025-09-10 12:00:00+00:00,SELL,0.6315171998331857,0.36848280016681434
8abf9502857b733e,2025-09-10 18:00:00+00:00,SELL,0.6315171998331857,0.36848280016681434
2b122a0f619ae2d0,2025-09-11 00:00:00+00:00,SELL,0.6315171998331857,0.36848280016681434
54148df823e42789,2025-09-11 06:00:00+00:00,SELL,0.6315171998331857,0.36848280016681434
ed139ae390141fce,2025-09-11 12:00:00+00:00,SELL,0.6315171998331857,0.36848280016681434
8ca9968381ecc575,2025-09-11 18:00:00+00:00,SELL,0.6315171998331857,0.36848280016681434
adf1c03c365949a5,2025-09-12 00:00:00+00:00,SELL,0.6315171998331857,0.36848280016681434
66e20fcd3ddddf66,2025-09-12 06:00:00+00:00,SELL,0.6315171998331857,0.36848280016681434
ed7713af86219c92,2025-09-12 12:00:00+00:00,SELL,0.6315171998331857,0.36848280016681434
396e2d5557b76673,2025-09-12 18:00:00+00:00,SELL,0.6315171998331857,0.36848280016681434
87ee1c500fdbfe96,2025-09-15 00:00:00+00:00,SELL,0.6315171998331857,0.36848280016681434
d118f8ce30410085,2025-09-15 06:00:00+00:00,SELL,0.6315171998331857,0.36848280016681434
6f17f22b7e599491,2025-09-15 12:00:00+00:00,SELL,0.6315171998331857,0.36848280016681434
cc258aec3f614cc2,2025-09-15 18:00:00+00:00,SELL,0.6315171998331857,0.36848280016681434
2a4446ca904e80bf,2025-09-16 00:00:00+00:00,SELL,0.6315171998331857,0.36848280016681434
15f113a5eb34e09d,2025-09-16 06:00:00+00:00,SELL,0.6315171998331857,0.36848280016681434
cc37670177841a0d,2025-09-16 12:00:00+00:00,SELL,0.6315171998331857,0.36848280016681434
5e084b88ce4abd6e,2025-09-16 18:00:00+00:00,SELL,0.6315171998331857,0.36848280016681434
8c9e54cc1b74b479,2025-09-17 00:00:00+00:00,SELL,0.6315171998331857,0.36848280016681434
643c8386e2d39b17,2025-09-17 06:00:00+00:00,SELL,0.6315171998331857,0.36848280016681434
d7c58668de2b9c42,2025-09-17 12:00:00+00:00,SELL,0.6315171998331857,0.36848280016681434
093ea1c1a9038c64,2025-09-17 18:00:00+00:00,SELL,0.6315171998331857,0.36848280016681434
675fb060e2c0987c,2025-09-18 00:00:00+00:00,SELL,0.6315171998331857,0.36848280016681434
e5a058289527f452,2025-09-18 06:00:00+00:00,SELL,0.6315171998331857,0.36848280016681434
da57dcc3cc3e6d55,2025-09-18 12:00:00+00:00,SELL,0.6315171998331857,0.36848280016681434
d19a4502db83483d,2025-09-18 18:00:00+00:00,SELL,0.6315171998331857,0.36848280016681434
aeb4315085fcd5e4,2025-09-19 00:00:00+00:00,SELL,0.6315171998331857,0.36848280016681434
bb79d0b30bea62de,2025-09-19 06:00:00+00:00,SELL,0.6315171998331857,0.36848280016681434
d24c7fcb769b168c,2025-09-19 12:00:00+00:00,SELL,0.6315171998331857,0.36848280016681434
c7d4d1d6c393c170,2025-09-19 18:00:00+00:00,SELL,0.6315171998331857,0.36848280016681434
ff74b89741043b83,2025-09-22 00:00:00+00:00,SELL,0.6315171998331857,0.36848280016681434
f38ba9abafcfd5b9,2025-09-22 06:00:00+00:00,SELL,0.6315171998331857,0.36848280016681434
e11c078904ac1f81,2025-09-22 12:00:00+00:00,SELL,0.6315171998331857,0.36848280016681434
ba2a8211127396da,2025-09-22 18:00:00+00:00,SELL,0.6315171998331857,0.36848280016681434
dbc8577cde4350da,2025-09-23 00:00:00+00:00,SELL,0.6315171998331857,0.36848280016681434
746e6ac617a9ec7b,2025-09-23 06:00:00+00:00,SELL,0.6315171998331857,0.36848280016681434
2243e9bc0bbf39dc,2025-09-23 12:00:00+00:00,SELL,0.6315171998331857,0.36848280016681434
eab3e37b75c92d29,2025-09-23 18:00:00+00:00,SELL,0.6315171998331857,0.36848280016681434
d5f3f5c027ca02f8,2025-09-24 00:00:00+00:00,SELL,0.6315171998331857,0.36848280016681434
b64f96e7688b8290,2025-09-24 06:00:00+00:00,SELL,0.6315171998331857,0.36848280016681434
8c96544832009b5b,2025-09-24 12:00:00+00:00,SELL,0.6315171998331857,0.36848280016681434
15fc636137a5c048,2025-09-24 18:00:00+00:00,SELL,0.6315171998331857,0.36848280016681434
01ae64abf5a6a8cf,2025-09-25 00:00:00+00:00,SELL,0.6315171998331857,0.36848280016681434
3e03916b5b663fdd,2025-09-25 06:00:00+00:00,SELL,0.6315171998331857,0.36848280016681434
07837254bcedb84e,2025-09-25 12:00:00+00:00,SELL,0.6315171998331857,0.36848280016681434
0d32d41f2ca488d1,2025-09-25 18:00:00+00:00,SELL,0.6315171998331857,0.36848280016681434
5eae51c8700e4ea1,2025-09-26 00:00:00+00:00,SELL,0.6315171998331857,0.36848280016681434
46144df0d43ff30e,2025-09-26 06:00:00+00:00,SELL,0.6315171998331857,0.36848280016681434
9f469653fa959ba0,2025-09-26 12:00:00+00:00,SELL,0.6315171998331857,0.36848280016681434
b0c47ef64cf623ce,2025-09-26 18:00:00+00:00,SELL,0.6315171998331857,0.36848280016681434
d99468a46e0c30b2,2025-09-29 00:00:00+00:00,SELL,0.6315171998331857,0.36848280016681434
89a23d9ec2615957,2025-09-29 06:00:00+00:00,SELL,0.6315171998331857,0.36848280016681434
f07c606e00fc7bbb,2025-09-29 12:00:00+00:00,SELL,0.6315171998331857,0.36848280016681434
291849dbf42b1c90,2025-09-29 18:00:00+00:00,SELL,0.6315171998331857,0.36848280016681434
daade937e84fb86f,2025-09-30 00:00:00+00:00,SELL,0.6315171998331857,0.36848280016681434
2cd7882fcd406e9a,2025-09-30 06:00:00+00:00,SELL,0.6315171998331857,0.36848280016681434
ceffe783587b5e02,2025-09-30 12:00:00+00:00,SELL,0.6315171998331857,0.36848280016681434
7497bd52d675527b,2025-09-30 18:00:00+00:00,SELL,0.6315171998331857,0.36848280016681434
9e99590302b436db,2025-10-01 00:00:00+00:00,SELL,0.6315171998331857,0.36848280016681434
27627740eedba8c4,2025-10-01 06:00:00+00:00,SELL,0.6315171998331857,0.36848280016681434
b8b5ad1c9d989622,2025-10-01 12:00:00+00:00,SELL,0.6315171998331857,0.36848280016681434
91a28249eb749a26,2025-10-01 18:00:00+00:00,SELL,0.6315171998331857,0.36848280016681434
efe7959aa34db6ae,2025-10-02 00:00:00+00:00,SELL,0.6315171998331857,0.36848280016681434
f314fc33bdd76f76,2025-10-02 06:00:00+00:00,SELL,0.6315171998331857,0.36848280016681434
97dabe7357b6321b,2025-10-02 12:00:00+00:00,SELL,0.6315171998331857,0.36848280016681434
1da816b0e367e169,2025-10-02 18:00:00+00:00,SELL,0.6315171998331857,0.36848280016681434
4a099c19ba34d587,2025-10-03 00:00:00+00:00,SELL,0.6315171998331857,0.36848280016681434
930fe76068d8cdb2,2025-10-03 06:00:00+00:00,SELL,0.6315171998331857,0.36848280016681434
5e9afbbae31cc5eb,2025-10-03 12:00:00+00:00,SELL,0.6315171998331857,0.36848280016681434
b62af40d1bf29a8b,2025-10-03 18:00:00+00:00,SELL,0.6315171998331857,0.36848280016681434
f488db9439b838cc,2025-10-06 00:00:00+00:00,SELL,0.6315171998331857,0.36848280016681434
7e7e05d99043fc68,2025-10-06 06:00:00+00:00,SELL,0.6315171998331857,0.36848280016681434
d0c8f91421969985,2025-10-06 12:00:00+00:00,SELL,0.6315171998331857,0.36848280016681434
4d44ec4f15e63a7d,2025-10-06 18:00:00+00:00,SELL,0.6315171998331857,0.36848280016681434
f28be66d316810bd,2025-10-07 00:00:00+00:00,SELL,0.6315171998331857,0.36848280016681434
3c56a1906bc1d72a,2025-10-07 06:00:00+00:00,SELL,0.6315171998331857,0.36848280016681434
245d1dc220c99d99,2025-10-07 12:00:00+00:00,SELL,0.6315171998331857,0.36848280016681434
447e46d4fb0f13e2,2025-10-07 18:00:00+00:00,SELL,0.6315171998331857,0.36848280016681434
e813fa9e1ab7f9e7,2025-10-08 00:00:00+00:00,SELL,0.6315171998331857,0.36848280016681434
6ef874dddc958a0e,2025-10-08 06:00:00+00:00,SELL,0.6315171998331857,0.36848280016681434
6a329a3e6e42721c,2025-10-08 12:00:00+00:00,SELL,0.6315171998331857,0.36848280016681434
363673bf3e208163,2025-10-08 18:00:00+00:00,SELL,0.6315171998331857,0.36848280016681434
7cfde95ceb0559df,2025-10-09 00:00:00+00:00,SELL,0.6315171998331857,0.36848280016681434
ded9bf32dfe5ecfd,2025-10-09 06:00:00+00:00,SELL,0.6315171998331857,0.36848280016681434
15c621fb16eca581,2025-10-09 12:00:00+00:00,SELL,0.6315171998331857,0.36848280016681434
787d1e34a1f9157d,2025-10-09 18:00:00+00:00,SELL,0.6315171998331857,0.36848280016681434
5dd5ba2bd8397a94,2025-10-10 00:00:00+00:00,SELL,0.6315171998331857,0.36848280016681434
f406dbc67fff4672,2025-10-10 06:00:00+00:00,SELL,0.6315171998331857,0.36848280016681434
30211f6d3237bda5,2025-10-10 12:00:00+00:00,SELL,0.6315171998331857,0.36848280016681434
4e6043f3e7284e2d,2025-10-10 18:00:00+00:00,SELL,0.6315171998331857,0.36848280016681434
2a81ec04a47679f2,2025-10-13 00:00:00+00:00,SELL,0.6315171998331857,0.36848280016681434
8b2ee2821b6cddce,2025-10-13 06:00:00+00:00,SELL,0.6315171998331857,0.36848280016681434
40872b0a9912ea4c,2025-10-13 12:00:00+00:00,SELL,0.6315171998331857,0.36848280016681434
16fcf9dfab2f5940,2025-10-13 18:00:00+00:00,SELL,0.6315171998331857,0.36848280016681434
01be0809543f283b,2025-10-14 00:00:00+00:00,SELL,0.6315171998331857,0.36848280016681434
7b163f5e7f5b8efd,2025-10-14 06:00:00+00:00,SELL,0.6315171998331857,0.36848280016681434
e97a0143e7aca0b5,2025-10-14 12:00:00+00:00,SELL,0.6315171998331857,0.36848280016681434
9c259b7357215748,2025-10-14 18:00:00+00:00,SELL,0.6315171998331857,0.36848280016681434
a127f12935f76bca,2025-10-15 00:00:00+00:00,SELL,0.6315171998331857,0.36848280016681434
95477ce6d4afe27c,2025-10-15 06:00:00+00:00,SELL,0.6315171998331857,0.36848280016681434
edfb16b72dcea210,2025-10-15 12:00:00+00:00,SELL,0.6315171998331857,0.36848280016681434
fbcc4c0581b21408,2025-10-15 18:00:00+00:00,SELL,0.6315171998331857,0.36848280016681434
b5be9b17cbbbb1cc,2025-10-16 00:00:00+00:00,SELL,0.6315171998331857,0.36848280016681434
1b67e4d93a793223,2025-10-16 06:00:00+00:00,SELL,0.6315171998331857,0.36848280016681434
ace62edf198f60dc,2025-10-16 12:00:00+00:00,SELL,0.6315171998331857,0.36848280016681434
57d397c236fb06fd,2025-10-16 18:00:00+00:00,SELL,0.6315171998331857,0.36848280016681434
1b081eb5ecba9516,2025-10-17 00:00:00+00:00,SELL,0.6315171998331857,0.36848280016681434
ab142e0b96f663b6,2025-10-17 06:00:00+00:00,SELL,0.6315171998331857,0.36848280016681434
a201a91d5bb3c74e,2025-10-17 12:00:00+00:00,SELL,0.6315171998331857,0.36848280016681434
f6bc9bd0f47a38ce,2025-10-17 18:00:00+00:00,SELL,0.6315171998331857,0.36848280016681434
29aa341c37d335d2,2025-10-20 00:00:00+00:00,SELL,0.6315171998331857,0.36848280016681434
f8911cd784217d40,2025-10-20 06:00:00+00:00,SELL,0.6315171998331857,0.36848280016681434
96905b05a2b05cf1,2025-10-20 12:00:00+00:00,SELL,0.6315171998331857,0.36848280016681434
1990789e26cd2dc9,2025-10-20 18:00:00+00:00,SELL,0.6315171998331857,0.36848280016681434
2aa7d4a6134c4460,2025-10-21 00:00:00+00:00,SELL,0.6315171998331857,0.36848280016681434
b15030b41b131d10,2025-10-21 06:00:00+00:00,SELL,0.6315171998331857,0.36848280016681434
fb6fe0856ee4087a,2025-10-21 12:00:00+00:00,SELL,0.6315171998331857,0.36848280016681434
823b9a973c685a79,2025-10-21 18:00:00+00:00,SELL,0.6315171998331857,0.36848280016681434
55404ea3cb8f7587,2025-10-22 00:00:00+00:00,SELL,0.6315171998331857,0.36848280016681434
7efa77e5f7b072c2,2025-10-22 06:00:00+00:00,SELL,0.6315171998331857,0.36848280016681434
657f071760f4d7e9,2025-10-22 12:00:00+00:00,SELL,0.6315171998331857,0.36848280016681434
684534edf2e4dade,2025-10-22 18:00:00+00:00,SELL,0.6315171998331857,0.36848280016681434
d4559826689d4ced,2025-10-23 00:00:00+00:00,SELL,0.6315171998331857,0.36848280016681434
810b6a135411c78e,2025-10-23 06:00:00+00:00,SELL,0.6315171998331857,0.36848280016681434
3f737d40096fc7c5,2025-10-23 12:00:00+00:00,SELL,0.6315171998331857,0.36848280016681434
3036e39012dc6a5b,2025-10-23 18:00:00+00:00,SELL,0.6315171998331857,0.36848280016681434
ca9cdef969032f4d,2025-10-24 00:00:00+00:00,SELL,0.6315171998331857,0.36848280016681434
96a762c0009a3e4e,2025-10-24 06:00:00+00:00,SELL,0.6315171998331857,0.36848280016681434
e19d82f7271f5e38,2025-10-24 12:00:00+00:00,SELL,0.6315171998331857,0.36848280016681434
251b5e6fae240ab3,2025-10-24 18:00:00+00:00,SELL,0.6315171998331857,0.36848280016681434
6ce4594ecfbc5a86,2025-10-27 00:00:00+00:00,SELL,0.6315171998331857,0.36848280016681434
6a8d51fff74b22b7,2025-10-27 06:00:00+00:00,SELL,0.6315171998331857,0.36848280016681434
34b3c2cf03dbf2e7,2025-10-27 12:00:00+00:00,SELL,0.6315171998331857,0.36848280016681434
b3c83e9515413608,2025-10-27 18:00:00+00:00,SELL,0.6315171998331857,0.36848280016681434
3e6b750f378a1999,2025-10-28 00:00:00+00:00,SELL,0.6315171998331857,0.36848280016681434
84eb0fec9344dcc2,2025-10-28 06:00:00+00:00,SELL,0.6315171998331857,0.36848280016681434
56ae60c76de65d42,2025-10-28 12:00:00+00:00,SELL,0.6315171998331857,0.36848280016681434
d68e70b26c3d255e,2025-10-28 18:00:00+00:00,SELL,0.6315171998331857,0.36848280016681434
91b3b0e3e97a86a7,2025-10-29 00:00:00+00:00,SELL,0.6315171998331857,0.36848280016681434
5e0fcc8015cf8541,2025-10-29 06:00:00+00:00,SELL,0.6315171998331857,0.36848280016681434
d41c86ebd799a906,2025-10-29 12:00:00+00:00,SELL,0.6315171998331857,0.36848280016681434
5bb56eee476bb05d,2025-10-29 18:00:00+00:00,SELL,0.6315171998331857,0.36848280016681434
3d39b1aef6ac0da0,2025-10-30 00:00:00+00:00,SELL,0.6315171998331857,0.36848280016681434
6fd4f01a7d9e55fb,2025-10-30 06:00:00+00:00,SELL,0.6315171998331857,0.36848280016681434
9ee6bcd925fe50d6,2025-10-30 12:00:00+00:00,SELL,0.6315171998331857,0.36848280016681434
0ef09757ed1a8774,2025-10-30 18:00:00+00:00,SELL,0.6315171998331857,0.36848280016681434
7345bbdf157c9eb7,2025-10-31 00:00:00+00:00,SELL,0.6315171998331857,0.36848280016681434
3e18fa8eb9b8dd4f,2025-10-31 06:00:00+00:00,SELL,0.6315171998331857,0.36848280016681434
bb9e22ce9058ff80,2025-10-31 12:00:00+00:00,SELL,0.6315171998331857,0.36848280016681434
3a095c6adbfcda01,2025-10-31 18:00:00+00:00,SELL,0.6315171998331857,0.36848280016681434
f5387efde4173348,2025-11-03 00:00:00+00:00,SELL,0.6315171998331857,0.36848280016681434
89577f0d05967f89,2025-11-03 06:00:00+00:00,SELL,0.6315171998331857,0.36848280016681434
5948efe950b79287,2025-11-03 12:00:00+00:00,SELL,0.6315171998331857,0.36848280016681434
7211ec75da144e10,2025-11-03 18:00:00+00:00,SELL,0.6315171998331857,0.36848280016681434
8721b82801cb7985,2025-11-04 00:00:00+00:00,SELL,0.6315171998331857,0.36848280016681434
17e0123bcb656a45,2025-11-04 06:00:00+00:00,SELL,0.6315171998331857,0.36848280016681434
b3349ea9c1dcac35,2025-11-04 12:00:00+00:00,SELL,0.6315171998331857,0.36848280016681434
53415a65dd9416a0,2025-11-04 18:00:00+00:00,SELL,0.6315171998331857,0.36848280016681434
674b19e066fcc382,2025-11-05 00:00:00+00:00,SELL,0.6315171998331857,0.36848280016681434
423c81de2f8e46f3,2025-11-05 06:00:00+00:00,SELL,0.6315171998331857,0.36848280016681434
1c94a60529c3e379,2025-11-05 12:00:00+00:00,SELL,0.6315171998331857,0.36848280016681434
830a270b43d74d62,2025-11-05 18:00:00+00:00,SELL,0.6315171998331857,0.36848280016681434
8aa28508f0e54310,2025-11-06 00:00:00+00:00,SELL,0.6315171998331857,0.36848280016681434
1e0cd15d5dcd5d80,2025-11-06 06:00:00+00:00,SELL,0.6315171998331857,0.36848280016681434
c99673381089d64f,2025-11-06 12:00:00+00:00,SELL,0.6315171998331857,0.36848280016681434
5e766b52f1051b70,2025-11-06 18:00:00+00:00,SELL,0.6315171998331857,0.36848280016681434
f3b51d83d7f4c903,2025-11-07 00:00:00+00:00,SELL,0.6315171998331857,0.36848280016681434
b152567c35f5dd66,2025-11-07 06:00:00+00:00,SELL,0.6315171998331857,0.36848280016681434
da6a1954589f54cb,2025-11-07 12:00:00+00:00,SELL,0.6315171998331857,0.36848280016681434
24ac10fc1752a636,2025-11-07 18:00:00+00:00,SELL,0.6315171998331857,0.36848280016681434
8cd3a9d9c6995745,2025-11-10 00:00:00+00:00,SELL,0.6315171998331857,0.36848280016681434
13d2b19f7ae8abdf,2025-11-10 06:00:00+00:00,SELL,0.6315171998331857,0.36848280016681434
0e5c5c99448b7fb5,2025-11-10 12:00:00+00:00,SELL,0.6315171998331857,0.36848280016681434
000277c1180a3620,2025-11-10 18:00:00+00:00,SELL,0.6315171998331857,0.36848280016681434
1f276e6491f0ac12,2025-11-11 00:00:00+00:00,SELL,0.6315171998331857,0.36848280016681434
bb31792080914fdb,2025-11-11 06:00:00+00:00,SELL,0.6315171998331857,0.36848280016681434
dc810df34685f6dc,2025-11-11 12:00:00+00:00,SELL,0.6315171998331857,0.36848280016681434
7c06f93c6dc2d014,2025-11-11 18:00:00+00:00,SELL,0.6315171998331857,0.36848280016681434
8f61ebe6671fd171,2025-11-12 00:00:00+00:00,SELL,0.6315171998331857,0.36848280016681434
7c40c0a2fdd9b4b7,2025-11-12 06:00:00+00:00,SELL,0.6315171998331857,0.36848280016681434
266e4531f05931e3,2025-11-12 12:00:00+00:00,SELL,0.6315171998331857,0.36848280016681434
676edfd4c7593e21,2025-11-12 18:00:00+00:00,SELL,0.6315171998331857,0.36848280016681434
fe873e4a083b16a3,2025-11-13 00:00:00+00:00,SELL,0.6315171998331857,0.36848280016681434
23e0952680832342,2025-11-13 06:00:00+00:00,SELL,0.6315171998331857,0.36848280016681434
cedb8ee851a4a909,2025-11-13 12:00:00+00:00,SELL,0.6315171998331857,0.36848280016681434
fa1e7897bdf974fe,2025-11-13 18:00:00+00:00,SELL,0.6315171998331857,0.36848280016681434
5d8a907ab1a16ef3,2025-11-14 00:00:00+00:00,SELL,0.6315171998331857,0.36848280016681434
9f3d9595fc8c868b,2025-11-14 06:00:00+00:00,SELL,0.6315171998331857,0.36848280016681434
85af11d47ba27474,2025-11-14 12:00:00+00:00,SELL,0.6315171998331857,0.36848280016681434
abe56d6209959c74,2025-11-14 18:00:00+00:00,SELL,0.6315171998331857,0.36848280016681434
aab246b5550370a1,2025-11-17 00:00:00+00:00,SELL,0.6315171998331857,0.36848280016681434
3c22940bcb587c7b,2025-11-17 06:00:00+00:00,SELL,0.6315171998331857,0.36848280016681434
84fba4ca3b26deec,2025-11-17 12:00:00+00:00,SELL,0.6315171998331857,0.36848280016681434
4db8f57b8b4b6f18,2025-11-17 18:00:00+00:00,SELL,0.6315171998331857,0.36848280016681434
1b62ef7fba158930,2025-11-18 00:00:00+00:00,SELL,0.6315171998331857,0.36848280016681434
638a6553afb1d7f5,2025-11-18 06:00:00+00:00,SELL,0.6315171998331857,0.36848280016681434
22c6ccce7b31e7f7,2025-11-18 12:00:00+00:00,SELL,0.6315171998331857,0.36848280016681434
40bb70f5e4924b5e,2025-11-18 18:00:00+00:00,SELL,0.6315171998331857,0.36848280016681434
56ec76e51f0e083e,2025-11-19 00:00:00+00:00,SELL,0.6315171998331857,0.36848280016681434
b838294e9e108d4b,2025-11-19 06:00:00+00:00,SELL,0.6315171998331857,0.36848280016681434
2f0d2314f05a80b9,2025-11-19 12:00:00+00:00,SELL,0.6315171998331857,0.36848280016681434
213aa3a4cc4d9cd9,2025-11-19 18:00:00+00:00,SELL,0.6315171998331857,0.36848280016681434
0bc18a9b6ce31e61,2025-11-20 00:00:00+00:00,SELL,0.6315171998331857,0.36848280016681434
66312f66753e685f,2025-11-20 06:00:00+00:00,SELL,0.6315171998331857,0.36848280016681434
5132c20de7f7a2c9,2025-11-20 12:00:00+00:00,SELL,0.6315171998331857,0.36848280016681434
0ae8bbccd484a5a9,2025-11-20 18:00:00+00:00,SELL,0.6315171998331857,0.36848280016681434
bfec0afacd229f97,2025-11-21 00:00:00+00:00,SELL,0.6315171998331857,0.36848280016681434
1692779e88749fdb,2025-11-21 06:00:00+00:00,SELL,0.6315171998331857,0.36848280016681434
d679da4addf18ce9,2025-11-21 12:00:00+00:00,SELL,0.6315171998331857,0.36848280016681434
87e76eadba5201c1,2025-11-21 18:00:00+00:00,SELL,0.6315171998331857,0.36848280016681434
848b2df6af25862b,2025-11-24 00:00:00+00:00,SELL,0.6315171998331857,0.36848280016681434
deec352b1991b861,2025-11-24 06:00:00+00:00,SELL,0.6315171998331857,0.36848280016681434
5f99d7d8d15f6fdc,2025-11-24 12:00:00+00:00,SELL,0.6315171998331857,0.36848280016681434
d7736ef3d948f019,2025-11-24 18:00:00+00:00,SELL,0.6315171998331857,0.36848280016681434
cca9dd09beb28a0b,2025-11-25 00:00:00+00:00,SELL,0.6315171998331857,0.36848280016681434
18fec998875af33d,2025-11-25 06:00:00+00:00,SELL,0.6315171998331857,0.36848280016681434
7065ba9bf5ac4c62,2025-11-25 12:00:00+00:00,SELL,0.6315171998331857,0.36848280016681434
72a39f461ce39a9c,2025-11-25 18:00:00+00:00,SELL,0.6315171998331857,0.36848280016681434
03fdab7f8afe522a,2025-11-26 00:00:00+00:00,SELL,0.6315171998331857,0.36848280016681434
cb891b98e4472343,2025-11-26 06:00:00+00:00,SELL,0.6315171998331857,0.36848280016681434
5ac0c98bfa201f5b,2025-11-26 12:00:00+00:00,SELL,0.6315171998331857,0.36848280016681434
c0b9beb912e61736,2025-11-26 18:00:00+00:00,SELL,0.6315171998331857,0.36848280016681434
7e34ed5cc652dd8c,2025-11-27 00:00:00+00:00,SELL,0.6315171998331857,0.36848280016681434
9516e281ec1bd3db,2025-11-27 06:00:00+00:00,SELL,0.6315171998331857,0.36848280016681434
f9d9c377c3cbadf1,2025-11-27 12:00:00+00:00,SELL,0.6315171998331857,0.36848280016681434
a74b1bc610a25683,2025-11-27 18:00:00+00:00,SELL,0.6315171998331857,0.36848280016681434
14fb5d608d704199,2025-11-28 00:00:00+00:00,SELL,0.6315171998331857,0.36848280016681434
e2102e4746ea473c,2025-11-28 06:00:00+00:00,SELL,0.6315171998331857,0.36848280016681434
b0a2a1d5df49f9c2,2025-11-28 12:00:00+00:00,SELL,0.6315171998331857,0.36848280016681434
7e38d65f03903413,2025-11-28 18:00:00+00:00,SELL,0.6315171998331857,0.36848280016681434
08204f1899e27ad8,2025-12-01 00:00:00+00:00,SELL,0.6315171998331857,0.36848280016681434
b16244be78618e64,2025-12-01 06:00:00+00:00,SELL,0.6315171998331857,0.36848280016681434
47ce14818eb6a809,2025-12-01 12:00:00+00:00,SELL,0.6315171998331857,0.36848280016681434
29543c03ea5314f9,2025-12-01 18:00:00+00:00,SELL,0.6315171998331857,0.36848280016681434
f4b724a0ece3cbd6,2025-12-02 00:00:00+00:00,SELL,0.6315171998331857,0.36848280016681434
49fff57953ad54f9,2025-12-02 06:00:00+00:00,SELL,0.6315171998331857,0.36848280016681434
c0acd27a30cf5766,2025-12-02 12:00:00+00:00,SELL,0.6315171998331857,0.36848280016681434
767733a09a83e7a2,2025-12-02 18:00:00+00:00,SELL,0.6315171998331857,0.36848280016681434
ee857ddfb3d3f3e3,2025-12-03 00:00:00+00:00,SELL,0.6315171998331857,0.36848280016681434
0a465c7402d2f82c,2025-12-03 06:00:00+00:00,SELL,0.6315171998331857,0.36848280016681434
d96e9f92c2825037,2025-12-03 12:00:00+00:00,SELL,0.6315171998331857,0.36848280016681434
8e264fedf629884e,2025-12-03 18:00:00+00:00,SELL,0.6315171998331857,0.36848280016681434
5bff2811b6e1ed9c,2025-12-04 00:00:00+00:00,SELL,0.6315171998331857,0.36848280016681434
e1f84b063aab9147,2025-12-04 06:00:00+00:00,SELL,0.6315171998331857,0.36848280016681434
df5f8b10bcf640fe,2025-12-04 12:00:00+00:00,SELL,0.6315171998331857,0.36848280016681434
27b4e04e81834d83,2025-12-04 18:00:00+00:00,SELL,0.6315171998331857,0.36848280016681434
b7589d2c23f84b8f,2025-12-05 00:00:00+00:00,SELL,0.6315171998331857,0.36848280016681434
7361d30f0f2064bb,2025-12-05 06:00:00+00:00,SELL,0.6315171998331857,0.36848280016681434
19f84e4d8d01ed90,2025-12-05 12:00:00+00:00,SELL,0.6315171998331857,0.36848280016681434
9dc407d765866b07,2025-12-05 18:00:00+00:00,SELL,0.6315171998331857,0.36848280016681434
3dc86001366a0661,2025-12-08 00:00:00+00:00,SELL,0.6315171998331857,0.36848280016681434
fc13a3a54777b12d,2025-12-08 06:00:00+00:00,SELL,0.6315171998331857,0.36848280016681434
67e8985429d30ff7,2025-12-08 12:00:00+00:00,SELL,0.6315171998331857,0.36848280016681434
175cc272269de9ac,2025-12-08 18:00:00+00:00,SELL,0.6315171998331857,0.36848280016681434
4d5ea7717de0abfb,2025-12-09 00:00:00+00:00,SELL,0.6315171998331857,0.36848280016681434
3421dbbeb309bac6,2025-12-09 06:00:00+00:00,SELL,0.6315171998331857,0.36848280016681434
1ce74403ac0395c6,2025-12-09 12:00:00+00:00,SELL,0.6315171998331857,0.36848280016681434
dd9fb714cf4582fd,2025-12-09 18:00:00+00:00,SELL,0.6315171998331857,0.36848280016681434
903f136fdb12e053,2025-12-10 00:00:00+00:00,SELL,0.6315171998331857,0.36848280016681434
0a1d43cd69bcbfd6,2025-12-10 06:00:00+00:00,SELL,0.6315171998331857,0.36848280016681434
4c0f9a3fb529c87d,2025-12-10 12:00:00+00:00,SELL,0.6315171998331857,0.36848280016681434
e6c3dcdaf2d1f60f,2025-12-10 18:00:00+00:00,SELL,0.6315171998331857,0.36848280016681434
864b4bb4623336d7,2025-12-11 00:00:00+00:00,SELL,0.6315171998331857,0.36848280016681434
07dabbf05daf215e,2025-12-11 06:00:00+00:00,SELL,0.6315171998331857,0.36848280016681434
b38f239ae8b1e9ad,2025-12-11 12:00:00+00:00,SELL,0.6315171998331857,0.36848280016681434
732baa0758057bea,2025-12-11 18:00:00+00:00,SELL,0.6315171998331857,0.36848280016681434
c63592eb79fa5c30,2025-12-12 00:00:00+00:00,SELL,0.6315171998331857,0.36848280016681434
20b289a95ff12f5a,2025-12-12 06:00:00+00:00,SELL,0.6315171998331857,0.36848280016681434
d18c476641e4d9b3,2025-12-12 12:00:00+00:00,SELL,0.6315171998331857,0.36848280016681434
5412dcb61a66eddb,2025-12-12 18:00:00+00:00,SELL,0.6315171998331857,0.36848280016681434
69c77bd8672572bf,2025-12-15 00:00:00+00:00,SELL,0.6315171998331857,0.36848280016681434
92a1464843738aba,2025-12-15 06:00:00+00:00,SELL,0.6315171998331857,0.36848280016681434
277a7f57934d1622,2025-12-15 12:00:00+00:00,SELL,0.6315171998331857,0.36848280016681434
6dd78c2457cf8683,2025-12-15 18:00:00+00:00,SELL,0.6315171998331857,0.36848280016681434
3c1db39bc73ca61b,2025-12-16 00:00:00+00:00,SELL,0.6315171998331857,0.36848280016681434
2f1ae0b583934d28,2025-12-16 06:00:00+00:00,SELL,0.6315171998331857,0.36848280016681434
84010f9d33655836,2025-12-16 12:00:00+00:00,SELL,0.6315171998331857,0.36848280016681434
828069afedd34827,2025-12-16 18:00:00+00:00,SELL,0.6315171998331857,0.36848280016681434
e5d00c58509fb08f,2025-12-17 00:00:00+00:00,SELL,0.6315171998331857,0.36848280016681434
c85a12581654c97e,2025-12-17 06:00:00+00:00,SELL,0.6315171998331857,0.36848280016681434
73191181603cb238,2025-12-17 12:00:00+00:00,SELL,0.6315171998331857,0.36848280016681434
42bce538330877ea,2025-12-17 18:00:00+00:00,SELL,0.6315171998331857,0.36848280016681434
ef51a6bc7b662876,2025-12-18 00:00:00+00:00,SELL,0.6315171998331857,0.36848280016681434
6dce2842cfafdc16,2025-12-18 06:00:00+00:00,SELL,0.6315171998331857,0.36848280016681434
39ca636f0ffe79a5,2025-12-18 12:00:00+00:00,SELL,0.6315171998331857,0.36848280016681434
5ad83cb000e3c5b9,2025-12-18 18:00:00+00:00,SELL,0.6315171998331857,0.36848280016681434
4689ba77f4a41bda,2025-12-19 00:00:00+00:00,SELL,0.6315171998331857,0.36848280016681434
d21fc42d0ab8fa78,2025-12-19 06:00:00+00:00,SELL,0.6315171998331857,0.36848280016681434
6b6de103b592a4e8,2025-12-19 12:00:00+00:00,SELL,0.6315171998331857,0.36848280016681434
72aa3050d0d5c3c8,2025-12-19 18:00:00+00:00,SELL,0.6315171998331857,0.36848280016681434
ea5eb1124d8f0da4,2025-12-22 00:00:00+00:00,SELL,0.6315171998331857,0.36848280016681434
ec0655c4354288b9,2025-12-22 06:00:00+00:00,SELL,0.6315171998331857,0.36848280016681434
13aa8f6fe11f1256,2025-12-22 12:00:00+00:00,SELL,0.6315171998331857,0.36848280016681434
d3de09c7db8116d4,2025-12-22 18:00:00+00:00,SELL,0.6315171998331857,0.36848280016681434
7b094a4d55d0cc02,2025-12-23 00:00:00+00:00,SELL,0.6315171998331857,0.36848280016681434
4fc90be702b48fa4,2025-12-23 06:00:00+00:00,SELL,0.6315171998331857,0.36848280016681434
d99fa6dc8c8c7c14,2025-12-23 12:00:00+00:00,SELL,0.6315171998331857,0.36848280016681434
e428306d68a67f88,2025-12-23 18:00:00+00:00,SELL,0.6315171998331857,0.36848280016681434
766bf2a07684a95e,2025-12-24 00:00:00+00:00,SELL,0.6315171998331857,0.36848280016681434
880317020cf3f05a,2025-12-24 06:00:00+00:00,SELL,0.6315171998331857,0.36848280016681434
e22ab649cf9cb319,2025-12-24 12:00:00+00:00,SELL,0.6315171998331857,0.36848280016681434
cd14d42bcfbbfaee,2025-12-24 18:00:00+00:00,SELL,0.6315171998331857,0.36848280016681434
6f3f99cd00e348ec,2025-12-26 00:00:00+00:00,SELL,0.6315171998331857,0.36848280016681434
cf4abed0cc8063e1,2025-12-26 06:00:00+00:00,SELL,0.6315171998331857,0.36848280016681434
9862079d449b2a7a,2025-12-26 12:00:00+00:00,SELL,0.6315171998331857,0.36848280016681434
901b5d14a4b2297d,2025-12-26 18:00:00+00:00,SELL,0.6315171998331857,0.36848280016681434
b6002359313d03f8,2025-12-29 00:00:00+00:00,SELL,0.6315171998331857,0.36848280016681434
4f4f6bc66cdb9b66,2025-12-29 06:00:00+00:00,SELL,0.6315171998331857,0.36848280016681434
e17b2b63d1b7c0e5,2025-12-29 12:00:00+00:00,SELL,0.6315171998331857,0.36848280016681434
c35a21cf12955028,2025-12-29 18:00:00+00:00,SELL,0.6315171998331857,0.36848280016681434
329614ed5609372d,2025-12-30 00:00:00+00:00,SELL,0.6315171998331857,0.36848280016681434
f04d28317a527def,2025-12-30 06:00:00+00:00,SELL,0.6315171998331857,0.36848280016681434
e8e64dbb9fcd079a,2025-12-30 12:00:00+00:00,SELL,0.6315171998331857,0.36848280016681434
dd7ece6873eb71a6,2025-12-30 18:00:00+00:00,SELL,0.6315171998331857,0.36848280016681434
2d3e21b1379a68b7,2025-12-31 00:00:00+00:00,SELL,0.6315171998331857,0.36848280016681434
db1c1022d81ca93a,2025-12-31 06:00:00+00:00,SELL,0.6315171998331857,0.36848280016681434
02a035dbae85a293,2025-12-31 12:00:00+00:00,SELL,0.6315171998331857,0.36848280016681434
5378fd30f1f662d3,2025-12-31 18:00:00+00:00,SELL,0.6315171998331857,0.36848280016681434
a6f32fafa1a9a620,2026-01-02 00:00:00+00:00,SELL,0.6315171998331857,0.36848280016681434
242de560ef29bca0,2026-01-02 06:00:00+00:00,SELL,0.6315171998331857,0.36848280016681434
ea6b62252908ce8c,2026-01-02 12:00:00+00:00,SELL,0.6315171998331857,0.36848280016681434
21a6d74997196e27,2026-01-02 18:00:00+00:00,SELL,0.6315171998331857,0.36848280016681434
0c8f1c699bb34322,2026-01-05 00:00:00+00:00,SELL,0.6315171998331857,0.36848280016681434
6e75555ae2120a0e,2026-01-05 06:00:00+00:00,SELL,0.6315171998331857,0.36848280016681434
1fa6e131aecf7e37,2026-01-05 12:00:00+00:00,SELL,0.6315171998331857,0.36848280016681434
c8a8e36e60d2fb13,2026-01-05 18:00:00+00:00,SELL,0.6315171998331857,0.36848280016681434
00d05174b656247c,2026-01-06 00:00:00+00:00,SELL,0.6315171998331857,0.36848280016681434
6f64cca48535bed5,2026-01-06 06:00:00+00:00,SELL,0.6315171998331857,0.36848280016681434
eac70da147e04df0,2026-01-06 12:00:00+00:00,SELL,0.6315171998331857,0.36848280016681434
ba0db633296b57d7,2026-01-06 18:00:00+00:00,SELL,0.6315171998331857,0.36848280016681434
a0966dc8741509de,2026-01-07 00:00:00+00:00,SELL,0.6315171998331857,0.36848280016681434
dc73c479fff8b099,2026-01-07 06:00:00+00:00,SELL,0.6315171998331857,0.36848280016681434
da5cff08a546521c,2026-01-07 12:00:00+00:00,SELL,0.6315171998331857,0.36848280016681434
8e0a63b815149ffc,2026-01-07 18:00:00+00:00,SELL,0.6315171998331857,0.36848280016681434
9ef9f98d6fea9091,2026-01-08 00:00:00+00:00,SELL,0.6315171998331857,0.36848280016681434
7350833fe420bdc8,2026-01-08 06:00:00+00:00,SELL,0.6315171998331857,0.36848280016681434
1c0b2bd18e0bc650,2026-01-08 12:00:00+00:00,SELL,0.6315171998331857,0.36848280016681434
ef7edc7eee8c20ac,2026-01-08 18:00:00+00:00,SELL,0.6315171998331857,0.36848280016681434
b59772fd5b3bb607,2026-01-09 00:00:00+00:00,SELL,0.6315171998331857,0.36848280016681434
e46922a93084761c,2026-01-09 06:00:00+00:00,SELL,0.6315171998331857,0.36848280016681434
375255ab14306b56,2026-01-09 12:00:00+00:00,SELL,0.6315171998331857,0.36848280016681434
0d5bd338e0d361e2,2026-01-09 18:00:00+00:00,SELL,0.6315171998331857,0.36848280016681434
3a3c3de8a64b9cfc,2026-01-12 00:00:00+00:00,SELL,0.6315171998331857,0.36848280016681434
087383ef4cf0d0cf,2026-01-12 06:00:00+00:00,SELL,0.6315171998331857,0.36848280016681434
e1bfce53cfaf2af8,2026-01-12 12:00:00+00:00,SELL,0.6315171998331857,0.36848280016681434
80bda7f25c4c19f2,2026-01-12 18:00:00+00:00,SELL,0.6315171998331857,0.36848280016681434
4d25c20a9cb73f56,2026-01-13 00:00:00+00:00,SELL,0.6315171998331857,0.36848280016681434
fc74f892af2379ae,2026-01-13 06:00:00+00:00,SELL,0.6315171998331857,0.36848280016681434
f4ddfdcda0f7fd45,2026-01-13 12:00:00+00:00,SELL,0.6315171998331857,0.36848280016681434
aba33df793df291b,2026-01-13 18:00:00+00:00,SELL,0.6315171998331857,0.36848280016681434
aea6526614ed4cb6,2026-01-14 00:00:00+00:00,SELL,0.6315171998331857,0.36848280016681434
20b684fcc0a561b6,2026-01-14 06:00:00+00:00,SELL,0.6315171998331857,0.36848280016681434
6ddb1cb05806d868,2026-01-14 12:00:00+00:00,SELL,0.6315171998331857,0.36848280016681434
2b4221aa7d3a9a8d,2026-01-14 18:00:00+00:00,SELL,0.6315171998331857,0.36848280016681434
ffe40f461ba0156f,2026-01-15 00:00:00+00:00,SELL,0.6315171998331857,0.36848280016681434
93e0d648683ed2ae,2026-01-15 06:00:00+00:00,SELL,0.6315171998331857,0.36848280016681434
631fb0d265198ede,2026-01-15 12:00:00+00:00,SELL,0.6315171998331857,0.36848280016681434
27d9195cc5ec6f6f,2026-01-15 18:00:00+00:00,SELL,0.6315171998331857,0.36848280016681434
f9e14782663558e6,2026-01-16 00:00:00+00:00,SELL,0.6315171998331857,0.36848280016681434
e3a410642f3fbb19,2026-01-16 06:00:00+00:00,SELL,0.6315171998331857,0.36848280016681434
a07f8e9872f43c79,2026-01-16 12:00:00+00:00,SELL,0.6315171998331857,0.36848280016681434
0e13bee42cecf4fb,2026-01-16 18:00:00+00:00,SELL,0.6315171998331857,0.36848280016681434
aaf5239e63b55d05,2026-01-19 00:00:00+00:00,SELL,0.6315171998331857,0.36848280016681434
bc365a58471db8fb,2026-01-19 06:00:00+00:00,SELL,0.6315171998331857,0.36848280016681434
503d1b0de2fd5081,2026-01-19 12:00:00+00:00,SELL,0.6315171998331857,0.36848280016681434
d950a66ece65beb5,2026-01-19 18:00:00+00:00,SELL,0.6315171998331857,0.36848280016681434
cf45509b346495e8,2026-01-20 00:00:00+00:00,SELL,0.6315171998331857,0.36848280016681434
591a38c1ca61ac15,2026-01-20 06:00:00+00:00,SELL,0.6315171998331857,0.36848280016681434
eac00ac6d1f56d77,2026-01-20 12:00:00+00:00,SELL,0.6315171998331857,0.36848280016681434
b25574dc142ff9cc,2026-01-20 18:00:00+00:00,SELL,0.6315171998331857,0.36848280016681434
f31576e5a3fda56b,2026-01-21 00:00:00+00:00,SELL,0.6315171998331857,0.36848280016681434
5728068b5c81e7ff,2026-01-21 06:00:00+00:00,SELL,0.6315171998331857,0.36848280016681434
977688e61ca5c91d,2026-01-21 12:00:00+00:00,SELL,0.6315171998331857,0.36848280016681434
1f300f73aeb538f2,2026-01-21 18:00:00+00:00,SELL,0.6315171998331857,0.36848280016681434
259221b22f2beed6,2026-01-22 00:00:00+00:00,SELL,0.6315171998331857,0.36848280016681434
7845ed876249eaae,2026-01-22 06:00:00+00:00,SELL,0.6315171998331857,0.36848280016681434
bbdc5b959e24d1b3,2026-01-22 12:00:00+00:00,SELL,0.6315171998331857,0.36848280016681434
dbc5e8e5d4b2767f,2026-01-22 18:00:00+00:00,SELL,0.6315171998331857,0.36848280016681434
70e4ce8805cf4194,2026-01-23 00:00:00+00:00,SELL,0.6315171998331857,0.36848280016681434
0ca926d996698c34,2026-01-23 06:00:00+00:00,SELL,0.6315171998331857,0.36848280016681434
ecd065ddd0cdcc7a,2026-01-23 12:00:00+00:00,SELL,0.6315171998331857,0.36848280016681434
46d127ae3fcdd6d2,2026-01-23 18:00:00+00:00,SELL,0.6315171998331857,0.36848280016681434
d1fe5a8afdb7ad33,2026-01-26 00:00:00+00:00,SELL,0.6315171998331857,0.36848280016681434
1d6bc7c741f3cbc1,2026-01-26 06:00:00+00:00,SELL,0.6315171998331857,0.36848280016681434
160597746e3b7648,2026-01-26 12:00:00+00:00,SELL,0.6315171998331857,0.36848280016681434
a50fabf2e2eb2581,2026-01-26 18:00:00+00:00,SELL,0.6315171998331857,0.36848280016681434
499dd5c67a23e3bd,2026-01-27 00:00:00+00:00,SELL,0.6315171998331857,0.36848280016681434
22675a3cc835029c,2026-01-27 06:00:00+00:00,SELL,0.6315171998331857,0.36848280016681434
7ec0561d8711f96f,2026-01-27 12:00:00+00:00,SELL,0.6315171998331857,0.36848280016681434
edce1a8580df5d4b,2026-01-27 18:00:00+00:00,SELL,0.6315171998331857,0.36848280016681434
51cb4115dea7036e,2026-01-28 00:00:00+00:00,SELL,0.6315171998331857,0.36848280016681434
5280044100ea7fec,2026-01-28 06:00:00+00:00,SELL,0.6315171998331857,0.36848280016681434
77600508217e7062,2026-01-28 12:00:00+00:00,SELL,0.6315171998331857,0.36848280016681434
db2939229528cda1,2026-01-28 18:00:00+00:00,SELL,0.6315171998331857,0.36848280016681434
377a2fa062833d7f,2026-01-29 00:00:00+00:00,SELL,0.6315171998331857,0.36848280016681434
f53c080857076720,2026-01-29 06:00:00+00:00,SELL,0.6315171998331857,0.36848280016681434
f1e5d49e001ce0d3,2026-01-29 12:00:00+00:00,SELL,0.6315171998331857,0.36848280016681434
8518ae5f5d67595a,2026-01-29 18:00:00+00:00,SELL,0.6315171998331857,0.36848280016681434
a8512f7fa68efdf8,2026-01-30 00:00:00+00:00,SELL,0.6315171998331857,0.36848280016681434
083f7bea403a36b9,2026-01-30 06:00:00+00:00,SELL,0.6315171998331857,0.36848280016681434
2d55c8f0d73bae17,2026-01-30 12:00:00+00:00,SELL,0.6315171998331857,0.36848280016681434
aee05623b1afaaca,2026-01-30 18:00:00+00:00,SELL,0.6315171998331857,0.36848280016681434
913f4486cac56f41,2026-02-02 00:00:00+00:00,SELL,0.6315171998331857,0.36848280016681434
54b539f55bf08893,2026-02-02 06:00:00+00:00,SELL,0.6315171998331857,0.36848280016681434
ff98bbc7fd1c7779,2026-02-02 12:00:00+00:00,SELL,0.6315171998331857,0.36848280016681434
0567814842565042,2026-02-02 18:00:00+00:00,SELL,0.6315171998331857,0.36848280016681434
aeab4dd0aa623a81,2026-02-03 00:00:00+00:00,SELL,0.6315171998331857,0.36848280016681434
ff572b5b538baa75,2026-02-03 06:00:00+00:00,SELL,0.6315171998331857,0.36848280016681434
32a062a5062dedc3,2026-02-03 12:00:00+00:00,SELL,0.6315171998331857,0.36848280016681434
273f6fd64a2bb6fa,2026-02-03 18:00:00+00:00,SELL,0.6315171998331857,0.36848280016681434
a39f51c56c6dbb54,2026-02-04 00:00:00+00:00,SELL,0.6315171998331857,0.36848280016681434
cfaebd26e5350a18,2026-02-04 06:00:00+00:00,SELL,0.6315171998331857,0.36848280016681434
8273e2493cfb6d44,2026-02-04 12:00:00+00:00,SELL,0.6315171998331857,0.36848280016681434
d376daf871e0f59a,2026-02-04 18:00:00+00:00,SELL,0.6315171998331857,0.36848280016681434
75b8d1f2afecbb31,2026-02-05 00:00:00+00:00,SELL,0.6315171998331857,0.36848280016681434
e4cd84fe28fb20c8,2026-02-05 06:00:00+00:00,SELL,0.6315171998331857,0.36848280016681434
463cd17c75aa7c7d,2026-02-05 12:00:00+00:00,SELL,0.6315171998331857,0.36848280016681434
330719422fbf0340,2026-02-05 18:00:00+00:00,SELL,0.6315171998331857,0.36848280016681434
fe2d4723178e9c59,2026-02-06 00:00:00+00:00,SELL,0.6315171998331857,0.36848280016681434
19326aa5b77c60db,2026-02-06 06:00:00+00:00,SELL,0.6315171998331857,0.36848280016681434
c84168686e64475c,2026-02-06 12:00:00+00:00,SELL,0.6315171998331857,0.36848280016681434
64a437e0878c0b26,2026-02-06 18:00:00+00:00,SELL,0.6315171998331857,0.36848280016681434
9bce7782fe0508c4,2026-02-09 00:00:00+00:00,SELL,0.6315171998331857,0.36848280016681434
9ae66c11a082b9c0,2026-02-09 06:00:00+00:00,SELL,0.6315171998331857,0.36848280016681434
96bd48f5d3e0aeba,2026-02-09 12:00:00+00:00,SELL,0.6315171998331857,0.36848280016681434
447cacf993936f62,2026-02-09 18:00:00+00:00,SELL,0.6315171998331857,0.36848280016681434
ddf4b140b045b91c,2026-02-10 00:00:00+00:00,SELL,0.6315171998331857,0.36848280016681434
7a2f2b8b6bcfdbb6,2026-02-10 06:00:00+00:00,SELL,0.6315171998331857,0.36848280016681434
57d2d85fd1811c27,2026-02-10 12:00:00+00:00,SELL,0.6315171998331857,0.36848280016681434
27f3011107b6b2f5,2026-02-10 18:00:00+00:00,SELL,0.6315171998331857,0.36848280016681434
228dac82d8952e82,2026-02-11 00:00:00+00:00,SELL,0.6315171998331857,0.36848280016681434
d2936256e63dbd93,2026-02-11 06:00:00+00:00,SELL,0.6315171998331857,0.36848280016681434
10460cf8e72162d0,2026-02-11 12:00:00+00:00,SELL,0.6315171998331857,0.36848280016681434
c9ed247b8f6c174f,2026-02-11 18:00:00+00:00,SELL,0.6315171998331857,0.36848280016681434
172701262ef0f358,2026-02-12 00:00:00+00:00,SELL,0.6315171998331857,0.36848280016681434
ad15fc68db31c9e6,2026-02-12 06:00:00+00:00,SELL,0.6315171998331857,0.36848280016681434
3c483230dbd358a9,2026-02-12 12:00:00+00:00,SELL,0.6315171998331857,0.36848280016681434
a610694203077821,2026-02-12 18:00:00+00:00,SELL,0.6315171998331857,0.36848280016681434
69282be780e508c7,2026-02-13 00:00:00+00:00,SELL,0.6315171998331857,0.36848280016681434
606cd316852474a4,2026-02-13 06:00:00+00:00,SELL,0.6315171998331857,0.36848280016681434
e13f7bf413b25654,2026-02-13 12:00:00+00:00,SELL,0.6315171998331857,0.36848280016681434
6fbb8e1dee631497,2026-02-13 18:00:00+00:00,SELL,0.6315171998331857,0.36848280016681434
c919f4c4a0c10137,2026-02-16 00:00:00+00:00,SELL,0.6315171998331857,0.36848280016681434
313b85894cc84c85,2026-02-16 06:00:00+00:00,SELL,0.6315171998331857,0.36848280016681434
5a659c3153ff3863,2026-02-16 12:00:00+00:00,SELL,0.6315171998331857,0.36848280016681434
90de183b558f32c2,2026-02-16 18:00:00+00:00,SELL,0.6315171998331857,0.36848280016681434
7ede875343c913ef,2026-02-17 00:00:00+00:00,SELL,0.6315171998331857,0.36848280016681434
86bd934c61881a6d,2026-02-17 06:00:00+00:00,SELL,0.6315171998331857,0.36848280016681434
2f6677776978e520,2026-02-17 12:00:00+00:00,SELL,0.6315171998331857,0.36848280016681434
e25a583ff440e665,2026-02-17 18:00:00+00:00,SELL,0.6315171998331857,0.36848280016681434
2cde025d134468ff,2026-02-18 00:00:00+00:00,SELL,0.6315171998331857,0.36848280016681434
9d47f145e53d8c76,2026-02-18 06:00:00+00:00,SELL,0.6315171998331857,0.36848280016681434
f1e694122eda344d,2026-02-18 12:00:00+00:00,SELL,0.6315171998331857,0.36848280016681434
91260f860d9429d5,2026-02-18 18:00:00+00:00,SELL,0.6315171998331857,0.36848280016681434
b324c30e8816d578,2026-02-19 00:00:00+00:00,SELL,0.6315171998331857,0.36848280016681434
148b53665ce52743,2026-02-19 06:00:00+00:00,SELL,0.6315171998331857,0.36848280016681434
756ed91cd511b56c,2026-02-19 12:00:00+00:00,SELL,0.6315171998331857,0.36848280016681434
195902c487bca698,2026-02-19 18:00:00+00:00,SELL,0.6315171998331857,0.36848280016681434
1a4464300d708ade,2026-02-20 00:00:00+00:00,SELL,0.6315171998331857,0.36848280016681434
219ef5604f55987f,2026-02-20 06:00:00+00:00,SELL,0.6315171998331857,0.36848280016681434
5ada28b9efea6662,2026-02-20 12:00:00+00:00,SELL,0.6315171998331857,0.36848280016681434
16b7c1e23675715e,2026-02-20 18:00:00+00:00,SELL,0.6315171998331857,0.36848280016681434
31d8ea11a24dd085,2026-02-23 00:00:00+00:00,SELL,0.6315171998331857,0.36848280016681434
e5681f5df07336a1,2026-02-23 06:00:00+00:00,SELL,0.6315171998331857,0.36848280016681434
38ceb650a5d90c58,2026-02-23 12:00:00+00:00,SELL,0.6315171998331857,0.36848280016681434
ecefaa5ef62cf2f0,2026-02-23 18:00:00+00:00,SELL,0.6315171998331857,0.36848280016681434
9396d6097e9ccdfe,2026-02-24 00:00:00+00:00,SELL,0.6315171998331857,0.36848280016681434
13327d12bc1108c1,2026-02-24 06:00:00+00:00,SELL,0.6315171998331857,0.36848280016681434
f30944511c183b96,2026-02-24 12:00:00+00:00,SELL,0.6315171998331857,0.36848280016681434
4e1c61b1858a079a,2026-02-24 18:00:00+00:00,SELL,0.6315171998331857,0.36848280016681434
ddb65cca449932c2,2026-02-25 00:00:00+00:00,SELL,0.6315171998331857,0.36848280016681434
835d78914c86385b,2026-02-25 06:00:00+00:00,SELL,0.6315171998331857,0.36848280016681434
04ade45c7752c720,2026-02-25 12:00:00+00:00,SELL,0.6315171998331857,0.36848280016681434
d0011b76a5866db1,2026-02-25 18:00:00+00:00,SELL,0.6315171998331857,0.36848280016681434
4bfce49561a542d6,2026-02-26 00:00:00+00:00,SELL,0.6315171998331857,0.36848280016681434
8573d28be42f99da,2026-02-26 06:00:00+00:00,SELL,0.6315171998331857,0.36848280016681434
37f25f07976d1d47,2026-02-26 12:00:00+00:00,SELL,0.6315171998331857,0.36848280016681434
ecb67621b8e8b120,2026-02-26 18:00:00+00:00,SELL,0.6315171998331857,0.36848280016681434
b2c555417885687f,2026-02-27 00:00:00+00:00,SELL,0.6315171998331857,0.36848280016681434
7cd9ed81254793a9,2026-02-27 06:00:00+00:00,SELL,0.6315171998331857,0.36848280016681434
17d6c864053ca3c7,2026-02-27 12:00:00+00:00,SELL,0.6315171998331857,0.36848280016681434
e7b5d6c043035b60,2026-02-27 18:00:00+00:00,SELL,0.6315171998331857,0.36848280016681434
74123c45094cf6fa,2026-03-02 00:00:00+00:00,SELL,0.6315171998331857,0.36848280016681434
f8c59bd1f7ecebc4,2026-03-02 06:00:00+00:00,SELL,0.6315171998331857,0.36848280016681434
ac4293f54902c9cb,2026-03-02 12:00:00+00:00,SELL,0.6315171998331857,0.36848280016681434
84eddb001546d880,2026-03-02 18:00:00+00:00,SELL,0.6315171998331857,0.36848280016681434
a5fb0257a9e4ab45,2026-03-03 00:00:00+00:00,SELL,0.6315171998331857,0.36848280016681434
cf4cee2e69d1966e,2026-03-03 06:00:00+00:00,SELL,0.6315171998331857,0.36848280016681434
b5ce529ae1fc0a53,2026-03-03 12:00:00+00:00,SELL,0.6315171998331857,0.36848280016681434
d3a9bde5057a547f,2026-03-03 18:00:00+00:00,SELL,0.6315171998331857,0.36848280016681434
3cda9672952aa94d,2026-03-04 00:00:00+00:00,SELL,0.6315171998331857,0.36848280016681434
12362fd50313d684,2026-03-04 06:00:00+00:00,SELL,0.6315171998331857,0.36848280016681434
9a1d3338a851845f,2026-03-04 12:00:00+00:00,SELL,0.6315171998331857,0.36848280016681434
11b6b47f809179ea,2026-03-04 18:00:00+00:00,SELL,0.6315171998331857,0.36848280016681434
5717238a616bdc7a,2026-03-05 00:00:00+00:00,SELL,0.6315171998331857,0.36848280016681434
8beaedfdbfb69161,2026-03-05 06:00:00+00:00,SELL,0.6315171998331857,0.36848280016681434
3998c980c9ad770e,2026-03-05 12:00:00+00:00,SELL,0.6315171998331857,0.36848280016681434
641b4fe721071345,2026-03-05 18:00:00+00:00,SELL,0.6315171998331857,0.36848280016681434
ed652fbfb1d3bd7a,2026-03-06 00:00:00+00:00,SELL,0.6315171998331857,0.36848280016681434
e073a149b41d561a,2026-03-06 06:00:00+00:00,SELL,0.6315171998331857,0.36848280016681434
522eb6737f543216,2026-03-06 12:00:00+00:00,SELL,0.6315171998331857,0.36848280016681434
7aedc09865a5746c,2026-03-06 18:00:00+00:00,SELL,0.6315171998331857,0.36848280016681434
7cba89388cd4fe31,2026-03-09 00:00:00+00:00,SELL,0.6315171998331857,0.36848280016681434
511a6afb4053a0ac,2026-03-09 06:00:00+00:00,SELL,0.6315171998331857,0.36848280016681434
2f527b29168fdde1,2026-03-09 12:00:00+00:00,SELL,0.6315171998331857,0.36848280016681434
7dd53be866a6a830,2026-03-09 18:00:00+00:00,SELL,0.6315171998331857,0.36848280016681434
e71b68f429a76ef8,2026-03-10 00:00:00+00:00,SELL,0.6315171998331857,0.36848280016681434
7de584d69ae07f1d,2026-03-10 06:00:00+00:00,SELL,0.6315171998331857,0.36848280016681434
075cd9ebab194432,2026-03-10 12:00:00+00:00,SELL,0.6315171998331857,0.36848280016681434
3621ec5f39fbb2bc,2026-03-10 18:00:00+00:00,SELL,0.6315171998331857,0.36848280016681434
6be0521c5b0d3251,2026-03-11 00:00:00+00:00,SELL,0.6315171998331857,0.36848280016681434
a60664373bbf572c,2026-03-11 06:00:00+00:00,SELL,0.6315171998331857,0.36848280016681434
dc494d2137bfd7ff,2026-03-11 12:00:00+00:00,SELL,0.6315171998331857,0.36848280016681434
0d6d95c8feb9345a,2026-03-11 12:00:00+00:00,SELL,0.6315171998331857,0.36848280016681434
a43321796476ac91,2026-03-11 12:00:00+00:00,SELL,0.6315171998331857,0.36848280016681434
e896e519747a37b4,2026-03-11 12:00:00+00:00,SELL,0.6315171998331857,0.36848280016681434
c6ca8838b209dfe3,2026-03-11 12:00:00+00:00,SELL,0.6315171998331857,0.36848280016681434
ffd113c1ea8ac9ee,2026-03-11 12:00:00+00:00,SELL,0.6315171998331857,0.36848280016681434
3e008b96f3fca0ee,2026-03-11 12:00:00+00:00,SELL,0.6315171998331857,0.36848280016681434
33ef8bb7eac2597b,2026-03-11 12:00:00+00:00,SELL,0.6315171998331857,0.36848280016681434
8911796b0bb81fb2,2026-03-11 12:00:00+00:00,SELL,0.6315171998331857,0.36848280016681434
42918f2118b2ef88,2026-03-11 17:55:00+00:00,SELL,0.6315171998331857,0.36848280016681434
058892dc377b6230,2026-03-11 18:00:00+00:00,SELL,0.6315171998331857,0.36848280016681434
